-- MySQL dump 10.13  Distrib 8.0.31, for Linux (x86_64)
--
-- Host: localhost    Database: laravel
-- ------------------------------------------------------
-- Server version	8.0.31

/*!40101 SET @OLD_CHARACTER_SET_CLIENT=@@CHARACTER_SET_CLIENT */;
/*!40101 SET @OLD_CHARACTER_SET_RESULTS=@@CHARACTER_SET_RESULTS */;
/*!40101 SET @OLD_COLLATION_CONNECTION=@@COLLATION_CONNECTION */;
/*!50503 SET NAMES utf8mb4 */;
/*!40103 SET @OLD_TIME_ZONE=@@TIME_ZONE */;
/*!40103 SET TIME_ZONE='+00:00' */;
/*!40014 SET @OLD_UNIQUE_CHECKS=@@UNIQUE_CHECKS, UNIQUE_CHECKS=0 */;
/*!40014 SET @OLD_FOREIGN_KEY_CHECKS=@@FOREIGN_KEY_CHECKS, FOREIGN_KEY_CHECKS=0 */;
/*!40101 SET @OLD_SQL_MODE=@@SQL_MODE, SQL_MODE='NO_AUTO_VALUE_ON_ZERO' */;
/*!40111 SET @OLD_SQL_NOTES=@@SQL_NOTES, SQL_NOTES=0 */;

--
-- Table structure for table `activity_log`
--

DROP TABLE IF EXISTS `activity_log`;
/*!40101 SET @saved_cs_client     = @@character_set_client */;
/*!50503 SET character_set_client = utf8mb4 */;
CREATE TABLE `activity_log` (
  `id` int unsigned NOT NULL AUTO_INCREMENT,
  `log_name` varchar(255) COLLATE utf8mb4_unicode_ci DEFAULT NULL,
  `description` text COLLATE utf8mb4_unicode_ci NOT NULL,
  `subject_id` bigint unsigned DEFAULT NULL,
  `subject_type` varchar(255) COLLATE utf8mb4_unicode_ci DEFAULT NULL,
  `event` varchar(255) COLLATE utf8mb4_unicode_ci DEFAULT NULL,
  `causer_id` bigint unsigned DEFAULT NULL,
  `causer_type` varchar(255) COLLATE utf8mb4_unicode_ci DEFAULT NULL,
  `properties` text COLLATE utf8mb4_unicode_ci,
  `batch_uuid` char(36) COLLATE utf8mb4_unicode_ci DEFAULT NULL,
  `created_at` timestamp NULL DEFAULT NULL,
  `updated_at` timestamp NULL DEFAULT NULL,
  PRIMARY KEY (`id`),
  KEY `activity_log_log_name_index` (`log_name`)
) ENGINE=InnoDB AUTO_INCREMENT=111 DEFAULT CHARSET=utf8mb4 COLLATE=utf8mb4_unicode_ci;
/*!40101 SET character_set_client = @saved_cs_client */;

--
-- Dumping data for table `activity_log`
--

LOCK TABLES `activity_log` WRITE;
/*!40000 ALTER TABLE `activity_log` DISABLE KEYS */;
INSERT INTO `activity_log` VALUES (1,'Authentication','Login has been success',NULL,NULL,NULL,1,'Uasoft\\Badaso\\Models\\User','{\"attributes\":{\"id\":1,\"name\":\"Copy\",\"username\":\"admin\",\"email\":\"admin@mail.com\",\"additional_info\":null,\"avatar\":\"photos\\/shares\\/default-user.png\",\"phone\":null,\"email_verified_at\":\"2023-01-14T17:53:38.000000Z\",\"created_at\":\"2023-01-14T17:53:38.000000Z\",\"updated_at\":\"2023-01-14T17:53:38.000000Z\"}}',NULL,'2023-01-14 18:07:45','2023-01-14 18:07:45'),(2,'Database','Add table berita has been created',NULL,NULL,'created',1,'Uasoft\\Badaso\\Models\\User','{\"attributes\":{\"table\":\"berita\",\"rows\":[{\"id\":\"id\",\"field_name\":\"id\",\"field_type\":\"bigint\",\"field_length\":null,\"field_null\":false,\"field_attribute\":true,\"field_increment\":true,\"field_index\":\"primary\",\"field_default\":null,\"undeletable\":true},{\"id\":\"8912e7a0-3e75-4e94-9a62-685ea3ec0c4d\",\"field_name\":\"title\",\"field_type\":\"varchar\",\"field_length\":\"255\",\"field_null\":false,\"field_attribute\":false,\"field_increment\":false,\"field_index\":null,\"field_default\":null},{\"id\":\"9b32cedc-58d6-445c-88f2-72ccf3f2225e\",\"field_name\":\"slug\",\"field_type\":\"varchar\",\"field_length\":\"255\",\"field_null\":false,\"field_attribute\":false,\"field_increment\":false,\"field_index\":null,\"field_default\":null},{\"id\":\"bdcfb0ed-1f90-4bab-82e6-27ab5d2d90f3\",\"field_name\":\"writer\",\"field_type\":\"varchar\",\"field_length\":\"100\",\"field_null\":false,\"field_attribute\":false,\"field_increment\":false,\"field_index\":null,\"field_default\":null},{\"id\":\"b6f34b2e-4d00-48d8-8894-6a29afde5f6b\",\"field_name\":\"caption\",\"field_type\":\"text\",\"field_length\":null,\"field_null\":false,\"field_attribute\":false,\"field_increment\":false,\"field_index\":null,\"field_default\":null},{\"field_name\":\"created_at\",\"field_type\":\"timestamp\",\"field_length\":null,\"field_null\":true,\"field_attribute\":false,\"field_increment\":false,\"field_index\":null,\"field_default\":null,\"undeletable\":true,\"indexes\":true},{\"field_name\":\"updated_at\",\"field_type\":\"timestamp\",\"field_length\":null,\"field_null\":true,\"field_attribute\":false,\"field_increment\":false,\"field_index\":null,\"field_default\":null,\"undeletable\":true}],\"relations\":[]}}',NULL,'2023-01-15 12:38:45','2023-01-15 12:38:45'),(3,'Database','Edit table berita has been updated',NULL,NULL,'updated',1,'Uasoft\\Badaso\\Models\\User','{\"old\":[\"berita\",[{\"id\":\"b7c5923a-b313-4cab-a0d4-116c50f4bc6f\",\"field_name\":\"id\",\"field_type\":\"bigint\",\"field_length\":null,\"field_null\":false,\"field_attribute\":true,\"field_increment\":true,\"field_index\":\"primary\",\"field_default\":null},{\"id\":\"184c4cc8-f4b8-4104-83a6-8a6a2b0fc01e\",\"field_name\":\"title\",\"field_type\":\"varchar\",\"field_length\":255,\"field_null\":false,\"field_attribute\":false,\"field_increment\":false,\"field_index\":null,\"field_default\":null},{\"id\":\"aa035327-7983-456a-a04d-e996eacb8931\",\"field_name\":\"slug\",\"field_type\":\"varchar\",\"field_length\":255,\"field_null\":false,\"field_attribute\":false,\"field_increment\":false,\"field_index\":null,\"field_default\":null},{\"id\":\"cc902192-6ab8-438f-846d-eb880b2de71e\",\"field_name\":\"writer\",\"field_type\":\"varchar\",\"field_length\":100,\"field_null\":false,\"field_attribute\":false,\"field_increment\":false,\"field_index\":null,\"field_default\":null},{\"id\":\"847be686-5aaa-4449-94c6-670bdc5d3c69\",\"field_name\":\"caption\",\"field_type\":\"text\",\"field_length\":65535,\"field_null\":false,\"field_attribute\":false,\"field_increment\":false,\"field_index\":null,\"field_default\":null},{\"id\":\"0859bb6d-2f10-4405-a69b-803591188806\",\"field_name\":\"created_at\",\"field_type\":\"timestamp\",\"field_length\":null,\"field_null\":true,\"field_attribute\":false,\"field_increment\":false,\"field_index\":null,\"field_default\":null},{\"id\":\"f76fe3f6-fa3d-44d0-ba85-5baf95c85be3\",\"field_name\":\"updated_at\",\"field_type\":\"timestamp\",\"field_length\":null,\"field_null\":true,\"field_attribute\":false,\"field_increment\":false,\"field_index\":null,\"field_default\":null}],[]],\"new\":[\"berita\",[{\"id\":\"b7c5923a-b313-4cab-a0d4-116c50f4bc6f\",\"field_name\":\"id\",\"field_type\":\"bigint\",\"field_length\":null,\"field_null\":false,\"field_attribute\":true,\"field_increment\":true,\"field_index\":\"primary\",\"field_default\":null,\"modify_type\":[],\"undeletable\":true,\"indexes\":false},{\"id\":\"184c4cc8-f4b8-4104-83a6-8a6a2b0fc01e\",\"field_name\":\"title\",\"field_type\":\"varchar\",\"field_length\":255,\"field_null\":false,\"field_attribute\":false,\"field_increment\":false,\"field_index\":null,\"field_default\":null,\"modify_type\":[],\"undeletable\":false,\"indexes\":false},{\"id\":\"aa035327-7983-456a-a04d-e996eacb8931\",\"field_name\":\"slug\",\"field_type\":\"varchar\",\"field_length\":255,\"field_null\":false,\"field_attribute\":false,\"field_increment\":false,\"field_index\":null,\"field_default\":null,\"modify_type\":[],\"undeletable\":false,\"indexes\":false},{\"id\":\"cc902192-6ab8-438f-846d-eb880b2de71e\",\"field_name\":\"writer\",\"field_type\":\"varchar\",\"field_length\":100,\"field_null\":false,\"field_attribute\":false,\"field_increment\":false,\"field_index\":null,\"field_default\":null,\"modify_type\":[],\"undeletable\":false,\"indexes\":false},{\"id\":\"847be686-5aaa-4449-94c6-670bdc5d3c69\",\"field_name\":\"caption\",\"field_type\":\"text\",\"field_length\":65535,\"field_null\":false,\"field_attribute\":false,\"field_increment\":false,\"field_index\":null,\"field_default\":null,\"modify_type\":[],\"undeletable\":false,\"indexes\":false},{\"id\":\"f15c3031-0c3e-4b75-bfd5-d293a1a1522a\",\"field_name\":\"images\",\"field_type\":\"varchar\",\"field_length\":\"255\",\"field_null\":false,\"field_attribute\":false,\"field_increment\":false,\"field_index\":null,\"field_default\":null,\"modify_type\":[\"CREATE\"]},{\"id\":\"0859bb6d-2f10-4405-a69b-803591188806\",\"field_name\":\"created_at\",\"field_type\":\"timestamp\",\"field_length\":null,\"field_null\":true,\"field_attribute\":false,\"field_increment\":false,\"field_index\":null,\"field_default\":null,\"modify_type\":[],\"undeletable\":true,\"indexes\":true},{\"id\":\"f76fe3f6-fa3d-44d0-ba85-5baf95c85be3\",\"field_name\":\"updated_at\",\"field_type\":\"timestamp\",\"field_length\":null,\"field_null\":true,\"field_attribute\":false,\"field_increment\":false,\"field_index\":null,\"field_default\":null,\"modify_type\":[],\"undeletable\":true,\"indexes\":false}],[]]}',NULL,'2023-01-15 12:39:59','2023-01-15 12:39:59'),(4,'CRUD','CRUD table berita has been created',1,'Uasoft\\Badaso\\Models\\DataType','created',1,'Uasoft\\Badaso\\Models\\User','{\"attributes\":{\"name\":\"berita\",\"slug\":\"berita\",\"display_name_singular\":\"Berita\",\"display_name_plural\":\"Berita\",\"icon\":\"newspaper\",\"model_name\":null,\"policy_name\":null,\"controller\":null,\"order_column\":null,\"order_display_column\":null,\"order_direction\":null,\"generate_permissions\":true,\"server_side\":false,\"description\":null,\"details\":null,\"notification\":\"[]\",\"is_soft_delete\":false,\"updated_at\":\"2023-01-15T12:40:45.000000Z\",\"created_at\":\"2023-01-15T12:40:45.000000Z\",\"id\":1,\"data_rows\":[{\"data_type_id\":1,\"field\":\"id\",\"type\":\"number\",\"display_name\":\"Id\",\"required\":true,\"browse\":false,\"read\":false,\"edit\":false,\"add\":false,\"delete\":false,\"details\":\"{}\",\"order\":1,\"id\":1},{\"data_type_id\":1,\"field\":\"title\",\"type\":\"text\",\"display_name\":\"Title\",\"required\":true,\"browse\":true,\"read\":true,\"edit\":true,\"add\":true,\"delete\":true,\"details\":\"{}\",\"order\":2,\"id\":2},{\"data_type_id\":1,\"field\":\"slug\",\"type\":\"text\",\"display_name\":\"Slug\",\"required\":true,\"browse\":true,\"read\":true,\"edit\":true,\"add\":true,\"delete\":true,\"details\":\"{}\",\"order\":3,\"id\":3},{\"data_type_id\":1,\"field\":\"writer\",\"type\":\"text\",\"display_name\":\"Writer\",\"required\":true,\"browse\":true,\"read\":true,\"edit\":true,\"add\":true,\"delete\":true,\"details\":\"{}\",\"order\":4,\"id\":4},{\"data_type_id\":1,\"field\":\"caption\",\"type\":\"textarea\",\"display_name\":\"Caption\",\"required\":true,\"browse\":true,\"read\":true,\"edit\":true,\"add\":true,\"delete\":true,\"details\":\"{}\",\"order\":5,\"id\":5},{\"data_type_id\":1,\"field\":\"created_at\",\"type\":\"datetime\",\"display_name\":\"Created At\",\"required\":false,\"browse\":true,\"read\":true,\"edit\":false,\"add\":false,\"delete\":false,\"details\":\"{}\",\"order\":6,\"id\":6},{\"data_type_id\":1,\"field\":\"updated_at\",\"type\":\"datetime\",\"display_name\":\"Updated At\",\"required\":false,\"browse\":true,\"read\":true,\"edit\":false,\"add\":false,\"delete\":false,\"details\":\"{}\",\"order\":7,\"id\":7},{\"data_type_id\":1,\"field\":\"images\",\"type\":\"upload_image\",\"display_name\":\"Images\",\"required\":true,\"browse\":true,\"read\":true,\"edit\":true,\"add\":true,\"delete\":true,\"details\":\"{}\",\"order\":8,\"id\":8}]}}',NULL,'2023-01-15 12:40:45','2023-01-15 12:40:45'),(5,'Configurations','Configuration has been updated',11,'Uasoft\\Badaso\\Models\\Configuration','updated',1,'Uasoft\\Badaso\\Models\\User','{\"attributes\":[{\"id\":1,\"key\":\"adminPanelTitle\",\"display_name\":\"Admin Panel Title\",\"value\":\"Desa Genilangit Dashboard\",\"details\":null,\"type\":\"text\",\"order\":1,\"group\":\"adminPanel\",\"can_delete\":false,\"created_at\":\"2023-01-14T17:52:28.000000Z\",\"updated_at\":\"2023-01-14T17:52:28.000000Z\"},{\"id\":7,\"key\":\"adminPanelLogoConfig\",\"display_name\":\"Admin Panel Logo Config\",\"value\":\"logo_only\",\"details\":{\"items\":[{\"label\":\"Logo Only\",\"value\":\"logo_only\"},{\"label\":\"Text Only\",\"value\":\"text_only\"},{\"label\":\"Logo & Text\",\"value\":\"logo_and_text\"}]},\"type\":\"select\",\"order\":1,\"group\":\"adminPanel\",\"can_delete\":false,\"created_at\":\"2023-01-14T17:52:28.000000Z\",\"updated_at\":\"2023-01-14T17:52:28.000000Z\"},{\"id\":12,\"key\":\"defaultRoleRegistration\",\"display_name\":\"Default Role Registration\",\"value\":\"customer\",\"details\":{\"items\":[{\"label\":\"Administrator\",\"value\":\"administrator\"},{\"label\":\"Customer\",\"value\":\"customer\"}]},\"type\":\"select\",\"order\":1,\"group\":\"adminPanel\",\"can_delete\":false,\"created_at\":\"2023-01-14T17:52:28.000000Z\",\"updated_at\":\"2023-01-14T17:52:28.000000Z\"},{\"id\":2,\"key\":\"adminPanelDescription\",\"display_name\":\"Admin Panel Description\",\"value\":\"Landing page desa genilangit\",\"details\":null,\"type\":\"text\",\"order\":2,\"group\":\"adminPanel\",\"can_delete\":false,\"created_at\":\"2023-01-14T17:52:28.000000Z\",\"updated_at\":\"2023-01-14T17:52:28.000000Z\"},{\"id\":3,\"key\":\"adminPanelLogo\",\"display_name\":\"Admin Panel Logo\",\"value\":\"http:\\/\\/localhost\\/images\\/logo.png\",\"details\":{\"type\":\"shares-only\"},\"type\":\"upload_image\",\"order\":3,\"group\":\"adminPanel\",\"can_delete\":false,\"created_at\":\"2023-01-14T17:52:28.000000Z\",\"updated_at\":\"2023-01-14T17:52:28.000000Z\"},{\"id\":4,\"key\":\"adminPanelHeaderColor\",\"display_name\":\"Admin Panel Header Color\",\"value\":\"#ffffff\",\"details\":null,\"type\":\"color_picker\",\"order\":4,\"group\":\"adminPanel\",\"can_delete\":false,\"created_at\":\"2023-01-14T17:52:28.000000Z\",\"updated_at\":\"2023-01-14T17:52:28.000000Z\"},{\"id\":5,\"key\":\"adminPanelHeaderFontColor\",\"display_name\":\"Admin Panel Header Font Color\",\"value\":\"#06bbd3\",\"details\":null,\"type\":\"color_picker\",\"order\":5,\"group\":\"adminPanel\",\"can_delete\":false,\"created_at\":\"2023-01-14T17:52:28.000000Z\",\"updated_at\":\"2023-01-14T17:52:28.000000Z\"},{\"id\":6,\"key\":\"adminPanelVerifyEmail\",\"display_name\":\"Should verify email after register\",\"value\":\"0\",\"details\":null,\"type\":\"switch\",\"order\":6,\"group\":\"adminPanel\",\"can_delete\":false,\"created_at\":\"2023-01-14T17:52:28.000000Z\",\"updated_at\":\"2023-01-14T17:52:28.000000Z\"},{\"id\":8,\"key\":\"favicon\",\"display_name\":\"Favicon\",\"value\":\"http:\\/\\/localhost\\/images\\/logo.png\",\"details\":{\"type\":\"shares-only\"},\"type\":\"upload_image\",\"order\":7,\"group\":\"adminPanel\",\"can_delete\":false,\"created_at\":\"2023-01-14T17:52:28.000000Z\",\"updated_at\":\"2023-01-14T17:52:28.000000Z\"},{\"id\":9,\"key\":\"maintenance\",\"display_name\":\"Maintenance for all pages.\",\"value\":\"0\",\"details\":\"Admin still can access the dashboard.\",\"type\":\"switch\",\"order\":8,\"group\":\"adminPanel\",\"can_delete\":false,\"created_at\":\"2023-01-14T17:52:28.000000Z\",\"updated_at\":\"2023-01-14T17:52:28.000000Z\"},{\"id\":10,\"key\":\"authBackgroundImage\",\"display_name\":\"Background image for login page.\",\"value\":\"http:\\/\\/localhost\\/images\\/logo.png\",\"details\":\"Admin still can access the dashboard.\",\"type\":\"upload_image\",\"order\":9,\"group\":\"adminPanel\",\"can_delete\":false,\"created_at\":\"2023-01-14T17:52:28.000000Z\",\"updated_at\":\"2023-01-14T17:52:28.000000Z\"},{\"id\":11,\"key\":\"maintenanceImage\",\"display_name\":\"Image for maintenance page\",\"value\":\"\\/storage\\/photos\\/shares\\/maintenance.png\",\"details\":{\"type\":\"shares-only\"},\"type\":\"upload_image\",\"order\":10,\"group\":\"adminPanel\",\"can_delete\":false,\"created_at\":\"2023-01-14T17:52:28.000000Z\",\"updated_at\":\"2023-01-14T17:52:28.000000Z\"}]}',NULL,'2023-01-15 12:43:01','2023-01-15 12:43:01'),(6,'Authentication','Logout has been success',NULL,NULL,NULL,NULL,NULL,'[]',NULL,'2023-01-15 12:43:29','2023-01-15 12:43:29'),(7,'Authentication','Login has been success',NULL,NULL,NULL,1,'Uasoft\\Badaso\\Models\\User','{\"attributes\":{\"id\":1,\"name\":\"Copy\",\"username\":\"admin\",\"email\":\"admin@mail.com\",\"additional_info\":null,\"avatar\":\"photos\\/shares\\/default-user.png\",\"phone\":null,\"email_verified_at\":\"2023-01-14T17:53:38.000000Z\",\"created_at\":\"2023-01-14T17:53:38.000000Z\",\"updated_at\":\"2023-01-14T17:53:38.000000Z\"}}',NULL,'2023-01-15 12:43:43','2023-01-15 12:43:43'),(8,'User','User admin1 has been created',2,'Uasoft\\Badaso\\Models\\User','created',1,'Uasoft\\Badaso\\Models\\User','{\"attributes\":{\"name\":\"admin1\",\"username\":\"admin1\",\"email\":\"admin1@mail.com\",\"avatar\":null,\"additional_info\":null,\"email_verified_at\":\"2023-01-15T12:45:16.000000Z\",\"updated_at\":\"2023-01-15T12:45:16.000000Z\",\"created_at\":\"2023-01-15T12:45:16.000000Z\",\"id\":2}}',NULL,'2023-01-15 12:45:16','2023-01-15 12:45:16'),(9,'User','User Copy has been created or updated',1,'Uasoft\\Badaso\\Models\\User','created or updated',1,'Uasoft\\Badaso\\Models\\User','[]',NULL,'2023-01-15 12:45:29','2023-01-15 12:45:29'),(10,'Authentication','Logout has been success',NULL,NULL,NULL,NULL,NULL,'[]',NULL,'2023-01-15 12:45:34','2023-01-15 12:45:34'),(11,'Authentication','Login has been success',NULL,NULL,NULL,2,'Uasoft\\Badaso\\Models\\User','{\"attributes\":{\"id\":2,\"name\":\"admin1\",\"username\":\"admin1\",\"email\":\"admin1@mail.com\",\"additional_info\":null,\"avatar\":null,\"phone\":null,\"email_verified_at\":\"2023-01-15T12:45:16.000000Z\",\"created_at\":\"2023-01-15T12:45:16.000000Z\",\"updated_at\":\"2023-01-15T12:45:16.000000Z\"}}',NULL,'2023-01-15 12:45:40','2023-01-15 12:45:40'),(12,'Authentication','Logout has been success',NULL,NULL,NULL,NULL,NULL,'[]',NULL,'2023-01-15 12:45:53','2023-01-15 12:45:53'),(13,'Authentication','Login has been success',NULL,NULL,NULL,1,'Uasoft\\Badaso\\Models\\User','{\"attributes\":{\"id\":1,\"name\":\"Copy\",\"username\":\"admin\",\"email\":\"admin@mail.com\",\"additional_info\":null,\"avatar\":\"photos\\/shares\\/default-user.png\",\"phone\":null,\"email_verified_at\":\"2023-01-14T17:53:38.000000Z\",\"created_at\":\"2023-01-14T17:53:38.000000Z\",\"updated_at\":\"2023-01-14T17:53:38.000000Z\"}}',NULL,'2023-01-15 12:45:59','2023-01-15 12:45:59'),(14,'Authentication','Logout has been success',NULL,NULL,NULL,NULL,NULL,'[]',NULL,'2023-01-15 12:46:04','2023-01-15 12:46:04'),(15,'Authentication','Login has been success',NULL,NULL,NULL,1,'Uasoft\\Badaso\\Models\\User','{\"attributes\":{\"id\":1,\"name\":\"Copy\",\"username\":\"admin\",\"email\":\"admin@mail.com\",\"additional_info\":null,\"avatar\":\"photos\\/shares\\/default-user.png\",\"phone\":null,\"email_verified_at\":\"2023-01-14T17:53:38.000000Z\",\"created_at\":\"2023-01-14T17:53:38.000000Z\",\"updated_at\":\"2023-01-14T17:53:38.000000Z\"}}',NULL,'2023-01-15 12:46:29','2023-01-15 12:46:29'),(16,'Authentication','Logout has been success',NULL,NULL,NULL,NULL,NULL,'[]',NULL,'2023-01-15 12:47:14','2023-01-15 12:47:14'),(17,'Authentication','Login has been success',NULL,NULL,NULL,1,'Uasoft\\Badaso\\Models\\User','{\"attributes\":{\"id\":1,\"name\":\"Copy\",\"username\":\"admin\",\"email\":\"admin@mail.com\",\"additional_info\":null,\"avatar\":\"photos\\/shares\\/default-user.png\",\"phone\":null,\"email_verified_at\":\"2023-01-14T17:53:38.000000Z\",\"created_at\":\"2023-01-14T17:53:38.000000Z\",\"updated_at\":\"2023-01-14T17:53:38.000000Z\"}}',NULL,'2023-01-15 12:48:33','2023-01-15 12:48:33'),(18,'Authentication','Logout has been success',NULL,NULL,NULL,NULL,NULL,'[]',NULL,'2023-01-15 12:53:59','2023-01-15 12:53:59'),(19,'Authentication','Login has been success',NULL,NULL,NULL,1,'Uasoft\\Badaso\\Models\\User','{\"attributes\":{\"id\":1,\"name\":\"Copy\",\"username\":\"admin\",\"email\":\"admin@mail.com\",\"additional_info\":null,\"avatar\":\"photos\\/shares\\/default-user.png\",\"phone\":null,\"email_verified_at\":\"2023-01-14T17:53:38.000000Z\",\"created_at\":\"2023-01-14T17:53:38.000000Z\",\"updated_at\":\"2023-01-14T17:53:38.000000Z\"}}',NULL,'2023-01-15 12:54:07','2023-01-15 12:54:07'),(20,'CRUD','CRUD table berita has been updated',1,'Uasoft\\Badaso\\Models\\DataType','updated',1,'Uasoft\\Badaso\\Models\\User','{\"old\":{\"id\":1,\"name\":\"berita\",\"slug\":\"berita\",\"display_name_singular\":\"Berita\",\"display_name_plural\":\"Berita\",\"icon\":null,\"model_name\":null,\"policy_name\":null,\"controller\":null,\"order_column\":null,\"order_display_column\":null,\"order_direction\":null,\"generate_permissions\":true,\"server_side\":false,\"is_maintenance\":0,\"description\":null,\"details\":null,\"notification\":\"[]\",\"is_soft_delete\":false,\"created_at\":\"2023-01-15T12:40:45.000000Z\",\"updated_at\":\"2023-01-15T12:57:04.000000Z\",\"data_rows\":[{\"data_type_id\":1,\"field\":\"id\",\"type\":\"number\",\"display_name\":\"Id\",\"required\":true,\"browse\":false,\"read\":false,\"edit\":false,\"add\":false,\"delete\":false,\"details\":\"{}\",\"relation\":null,\"order\":1,\"id\":9},{\"data_type_id\":1,\"field\":\"title\",\"type\":\"text\",\"display_name\":\"Title\",\"required\":true,\"browse\":true,\"read\":true,\"edit\":true,\"add\":true,\"delete\":true,\"details\":\"{}\",\"relation\":null,\"order\":2,\"id\":10},{\"data_type_id\":1,\"field\":\"slug\",\"type\":\"text\",\"display_name\":\"Slug\",\"required\":true,\"browse\":true,\"read\":true,\"edit\":true,\"add\":true,\"delete\":true,\"details\":\"{}\",\"relation\":null,\"order\":3,\"id\":11},{\"data_type_id\":1,\"field\":\"writer\",\"type\":\"text\",\"display_name\":\"Writer\",\"required\":true,\"browse\":true,\"read\":true,\"edit\":true,\"add\":true,\"delete\":true,\"details\":\"{}\",\"relation\":null,\"order\":4,\"id\":12},{\"data_type_id\":1,\"field\":\"caption\",\"type\":\"textarea\",\"display_name\":\"Caption\",\"required\":true,\"browse\":true,\"read\":true,\"edit\":true,\"add\":true,\"delete\":true,\"details\":\"{}\",\"relation\":null,\"order\":5,\"id\":13},{\"data_type_id\":1,\"field\":\"created_at\",\"type\":\"datetime\",\"display_name\":\"Created At\",\"required\":false,\"browse\":true,\"read\":true,\"edit\":false,\"add\":false,\"delete\":false,\"details\":\"{}\",\"relation\":null,\"order\":6,\"id\":14},{\"data_type_id\":1,\"field\":\"updated_at\",\"type\":\"datetime\",\"display_name\":\"Updated At\",\"required\":false,\"browse\":true,\"read\":true,\"edit\":false,\"add\":false,\"delete\":false,\"details\":\"{}\",\"relation\":null,\"order\":7,\"id\":15},{\"data_type_id\":1,\"field\":\"images\",\"type\":\"upload_image\",\"display_name\":\"Images\",\"required\":true,\"browse\":true,\"read\":true,\"edit\":true,\"add\":true,\"delete\":true,\"details\":\"{}\",\"relation\":null,\"order\":8,\"id\":16}]},\"new\":{\"id\":1,\"name\":\"berita\",\"slug\":\"berita\",\"displayNameSingular\":\"Berita\",\"displayNamePlural\":\"Berita\",\"icon\":null,\"modelName\":null,\"policyName\":null,\"controller\":null,\"orderColumn\":null,\"orderDisplayColumn\":null,\"orderDirection\":null,\"generatePermissions\":true,\"serverSide\":false,\"isMaintenance\":0,\"description\":null,\"details\":null,\"notification\":[],\"isSoftDelete\":0,\"createdAt\":\"2023-01-15T12:40:45.000000Z\",\"updatedAt\":\"2023-01-15T12:40:45.000000Z\",\"dataRows\":[{\"id\":1,\"dataTypeId\":1,\"field\":\"id\",\"type\":\"number\",\"displayName\":\"Id\",\"required\":1,\"browse\":0,\"read\":0,\"edit\":0,\"add\":0,\"delete\":0,\"details\":\"{}\",\"relation\":null,\"order\":1},{\"id\":2,\"dataTypeId\":1,\"field\":\"title\",\"type\":\"text\",\"displayName\":\"Title\",\"required\":1,\"browse\":1,\"read\":1,\"edit\":1,\"add\":1,\"delete\":1,\"details\":\"{}\",\"relation\":null,\"order\":2},{\"id\":3,\"dataTypeId\":1,\"field\":\"slug\",\"type\":\"text\",\"displayName\":\"Slug\",\"required\":1,\"browse\":1,\"read\":1,\"edit\":1,\"add\":1,\"delete\":1,\"details\":\"{}\",\"relation\":null,\"order\":3},{\"id\":4,\"dataTypeId\":1,\"field\":\"writer\",\"type\":\"text\",\"displayName\":\"Writer\",\"required\":1,\"browse\":1,\"read\":1,\"edit\":1,\"add\":1,\"delete\":1,\"details\":\"{}\",\"relation\":null,\"order\":4},{\"id\":5,\"dataTypeId\":1,\"field\":\"caption\",\"type\":\"textarea\",\"displayName\":\"Caption\",\"required\":1,\"browse\":1,\"read\":1,\"edit\":1,\"add\":1,\"delete\":1,\"details\":\"{}\",\"relation\":null,\"order\":5},{\"id\":6,\"dataTypeId\":1,\"field\":\"created_at\",\"type\":\"datetime\",\"displayName\":\"Created At\",\"required\":0,\"browse\":1,\"read\":1,\"edit\":0,\"add\":0,\"delete\":0,\"details\":\"{}\",\"relation\":null,\"order\":6},{\"id\":7,\"dataTypeId\":1,\"field\":\"updated_at\",\"type\":\"datetime\",\"displayName\":\"Updated At\",\"required\":0,\"browse\":1,\"read\":1,\"edit\":0,\"add\":0,\"delete\":0,\"details\":\"{}\",\"relation\":null,\"order\":7},{\"id\":8,\"dataTypeId\":1,\"field\":\"images\",\"type\":\"upload_image\",\"displayName\":\"Images\",\"required\":1,\"browse\":1,\"read\":1,\"edit\":1,\"add\":1,\"delete\":1,\"details\":\"{}\",\"relation\":null,\"order\":8}],\"createSoftDelete\":false,\"rows\":[{\"label\":\"id\",\"value\":\"id\",\"field\":\"id\",\"type\":\"number\",\"display_name\":\"Id\",\"required\":true,\"browse\":false,\"read\":false,\"edit\":false,\"add\":false,\"delete\":false,\"details\":\"{}\",\"relation_type\":null,\"destination_table\":null,\"destination_table_column\":null,\"destination_table_display_column\":null,\"destination_table_display_more_column\":null,\"order\":1,\"set_relation\":false},{\"label\":\"title\",\"value\":\"title\",\"field\":\"title\",\"type\":\"text\",\"display_name\":\"Title\",\"required\":true,\"browse\":true,\"read\":true,\"edit\":true,\"add\":true,\"delete\":true,\"details\":\"{}\",\"relation_type\":null,\"destination_table\":null,\"destination_table_column\":null,\"destination_table_display_column\":null,\"destination_table_display_more_column\":null,\"order\":2,\"set_relation\":false},{\"label\":\"slug\",\"value\":\"slug\",\"field\":\"slug\",\"type\":\"text\",\"display_name\":\"Slug\",\"required\":true,\"browse\":true,\"read\":true,\"edit\":true,\"add\":true,\"delete\":true,\"details\":\"{}\",\"relation_type\":null,\"destination_table\":null,\"destination_table_column\":null,\"destination_table_display_column\":null,\"destination_table_display_more_column\":null,\"order\":3,\"set_relation\":false},{\"label\":\"writer\",\"value\":\"writer\",\"field\":\"writer\",\"type\":\"text\",\"display_name\":\"Writer\",\"required\":true,\"browse\":true,\"read\":true,\"edit\":true,\"add\":true,\"delete\":true,\"details\":\"{}\",\"relation_type\":null,\"destination_table\":null,\"destination_table_column\":null,\"destination_table_display_column\":null,\"destination_table_display_more_column\":null,\"order\":4,\"set_relation\":false},{\"label\":\"caption\",\"value\":\"caption\",\"field\":\"caption\",\"type\":\"textarea\",\"display_name\":\"Caption\",\"required\":true,\"browse\":true,\"read\":true,\"edit\":true,\"add\":true,\"delete\":true,\"details\":\"{}\",\"relation_type\":null,\"destination_table\":null,\"destination_table_column\":null,\"destination_table_display_column\":null,\"destination_table_display_more_column\":null,\"order\":5,\"set_relation\":false},{\"label\":\"created_at\",\"value\":\"created_at\",\"field\":\"created_at\",\"type\":\"datetime\",\"display_name\":\"Created At\",\"required\":false,\"browse\":true,\"read\":true,\"edit\":false,\"add\":false,\"delete\":false,\"details\":\"{}\",\"relation_type\":null,\"destination_table\":null,\"destination_table_column\":null,\"destination_table_display_column\":null,\"destination_table_display_more_column\":null,\"order\":6,\"set_relation\":false},{\"label\":\"updated_at\",\"value\":\"updated_at\",\"field\":\"updated_at\",\"type\":\"datetime\",\"display_name\":\"Updated At\",\"required\":false,\"browse\":true,\"read\":true,\"edit\":false,\"add\":false,\"delete\":false,\"details\":\"{}\",\"relation_type\":null,\"destination_table\":null,\"destination_table_column\":null,\"destination_table_display_column\":null,\"destination_table_display_more_column\":null,\"order\":7,\"set_relation\":false},{\"label\":\"images\",\"value\":\"images\",\"field\":\"images\",\"type\":\"upload_image\",\"display_name\":\"Images\",\"required\":true,\"browse\":true,\"read\":true,\"edit\":true,\"add\":true,\"delete\":true,\"details\":\"{}\",\"relation_type\":null,\"destination_table\":null,\"destination_table_column\":null,\"destination_table_display_column\":null,\"destination_table_display_more_column\":null,\"order\":8,\"set_relation\":false}],\"display_name_singular\":\"Berita\",\"display_name_plural\":\"Berita\",\"model_name\":null,\"policy_name\":null,\"order_column\":null,\"order_display_column\":null,\"order_direction\":null,\"generate_permissions\":true,\"server_side\":false,\"is_maintenance\":0,\"is_soft_delete\":0,\"created_at\":\"2023-01-15T12:40:45.000000Z\",\"updated_at\":\"2023-01-15T12:40:45.000000Z\",\"data_rows\":[{\"id\":1,\"data_type_id\":1,\"field\":\"id\",\"type\":\"number\",\"display_name\":\"Id\",\"required\":1,\"browse\":0,\"read\":0,\"edit\":0,\"add\":0,\"delete\":0,\"details\":\"{}\",\"relation\":null,\"order\":1},{\"id\":2,\"data_type_id\":1,\"field\":\"title\",\"type\":\"text\",\"display_name\":\"Title\",\"required\":1,\"browse\":1,\"read\":1,\"edit\":1,\"add\":1,\"delete\":1,\"details\":\"{}\",\"relation\":null,\"order\":2},{\"id\":3,\"data_type_id\":1,\"field\":\"slug\",\"type\":\"text\",\"display_name\":\"Slug\",\"required\":1,\"browse\":1,\"read\":1,\"edit\":1,\"add\":1,\"delete\":1,\"details\":\"{}\",\"relation\":null,\"order\":3},{\"id\":4,\"data_type_id\":1,\"field\":\"writer\",\"type\":\"text\",\"display_name\":\"Writer\",\"required\":1,\"browse\":1,\"read\":1,\"edit\":1,\"add\":1,\"delete\":1,\"details\":\"{}\",\"relation\":null,\"order\":4},{\"id\":5,\"data_type_id\":1,\"field\":\"caption\",\"type\":\"textarea\",\"display_name\":\"Caption\",\"required\":1,\"browse\":1,\"read\":1,\"edit\":1,\"add\":1,\"delete\":1,\"details\":\"{}\",\"relation\":null,\"order\":5},{\"id\":6,\"data_type_id\":1,\"field\":\"created_at\",\"type\":\"datetime\",\"display_name\":\"Created At\",\"required\":0,\"browse\":1,\"read\":1,\"edit\":0,\"add\":0,\"delete\":0,\"details\":\"{}\",\"relation\":null,\"order\":6},{\"id\":7,\"data_type_id\":1,\"field\":\"updated_at\",\"type\":\"datetime\",\"display_name\":\"Updated At\",\"required\":0,\"browse\":1,\"read\":1,\"edit\":0,\"add\":0,\"delete\":0,\"details\":\"{}\",\"relation\":null,\"order\":7},{\"id\":8,\"data_type_id\":1,\"field\":\"images\",\"type\":\"upload_image\",\"display_name\":\"Images\",\"required\":1,\"browse\":1,\"read\":1,\"edit\":1,\"add\":1,\"delete\":1,\"details\":\"{}\",\"relation\":null,\"order\":8}],\"create_soft_delete\":false}}',NULL,'2023-01-15 12:57:04','2023-01-15 12:57:04'),(21,'CRUD','CRUD table berita has been deleted',1,'Uasoft\\Badaso\\Models\\DataType','deleted',1,'Uasoft\\Badaso\\Models\\User','{\"attributes\":{\"id\":1,\"name\":\"berita\",\"slug\":\"berita\",\"display_name_singular\":\"Berita\",\"display_name_plural\":\"Berita\",\"icon\":null,\"model_name\":null,\"policy_name\":null,\"controller\":null,\"order_column\":null,\"order_display_column\":null,\"order_direction\":null,\"generate_permissions\":1,\"server_side\":0,\"is_maintenance\":0,\"description\":null,\"details\":null,\"notification\":\"[]\",\"is_soft_delete\":0,\"created_at\":\"2023-01-15T12:40:45.000000Z\",\"updated_at\":\"2023-01-15T12:57:04.000000Z\"}}',NULL,'2023-01-15 12:58:06','2023-01-15 12:58:06'),(22,'Database','Delete table berita has been deleted',NULL,NULL,'deleted',1,'Uasoft\\Badaso\\Models\\User','[]',NULL,'2023-01-15 12:58:15','2023-01-15 12:58:15'),(23,'Database','Add table news has been created',NULL,NULL,'created',1,'Uasoft\\Badaso\\Models\\User','{\"attributes\":{\"table\":\"news\",\"rows\":[{\"id\":\"id\",\"field_name\":\"id\",\"field_type\":\"bigint\",\"field_length\":null,\"field_null\":false,\"field_attribute\":true,\"field_increment\":true,\"field_index\":\"primary\",\"field_default\":null,\"undeletable\":true},{\"id\":\"20098788-f561-4180-9ecc-dee4d175eec2\",\"field_name\":\"title\",\"field_type\":\"varchar\",\"field_length\":\"255\",\"field_null\":false,\"field_attribute\":false,\"field_increment\":false,\"field_index\":null,\"field_default\":null},{\"id\":\"17f32af0-c730-46e5-9290-808c17129c94\",\"field_name\":\"slug\",\"field_type\":\"varchar\",\"field_length\":\"255\",\"field_null\":false,\"field_attribute\":false,\"field_increment\":false,\"field_index\":null,\"field_default\":null},{\"id\":\"31ff4170-475b-4ee2-994b-ef9a3653e70c\",\"field_name\":\"images\",\"field_type\":\"varchar\",\"field_length\":\"255\",\"field_null\":false,\"field_attribute\":false,\"field_increment\":false,\"field_index\":null,\"field_default\":null},{\"id\":\"a6565784-2818-4100-9603-0dbadb7a83dd\",\"field_name\":\"caption\",\"field_type\":\"text\",\"field_length\":null,\"field_null\":false,\"field_attribute\":false,\"field_increment\":false,\"field_index\":null,\"field_default\":null},{\"id\":\"4ac48199-8824-4983-ad95-696e2bbc3da9\",\"field_name\":\"writer\",\"field_type\":\"varchar\",\"field_length\":\"100\",\"field_null\":false,\"field_attribute\":false,\"field_increment\":false,\"field_index\":null,\"field_default\":null},{\"field_name\":\"created_at\",\"field_type\":\"timestamp\",\"field_length\":null,\"field_null\":true,\"field_attribute\":false,\"field_increment\":false,\"field_index\":null,\"field_default\":null,\"undeletable\":true,\"indexes\":true},{\"field_name\":\"updated_at\",\"field_type\":\"timestamp\",\"field_length\":null,\"field_null\":true,\"field_attribute\":false,\"field_increment\":false,\"field_index\":null,\"field_default\":null,\"undeletable\":true}],\"relations\":[]}}',NULL,'2023-01-15 12:59:22','2023-01-15 12:59:22'),(24,'CRUD','CRUD table news has been created',2,'Uasoft\\Badaso\\Models\\DataType','created',1,'Uasoft\\Badaso\\Models\\User','{\"attributes\":{\"name\":\"news\",\"slug\":\"news\",\"display_name_singular\":\"Berita\",\"display_name_plural\":\"Berita\",\"icon\":null,\"model_name\":null,\"policy_name\":null,\"controller\":null,\"order_column\":null,\"order_display_column\":null,\"order_direction\":null,\"generate_permissions\":true,\"server_side\":false,\"description\":null,\"details\":null,\"notification\":\"[]\",\"is_soft_delete\":false,\"updated_at\":\"2023-01-15T12:59:56.000000Z\",\"created_at\":\"2023-01-15T12:59:56.000000Z\",\"id\":2,\"data_rows\":[{\"data_type_id\":2,\"field\":\"id\",\"type\":\"number\",\"display_name\":\"Id\",\"required\":true,\"browse\":true,\"read\":true,\"edit\":false,\"add\":false,\"delete\":false,\"details\":\"{}\",\"order\":1,\"id\":17},{\"data_type_id\":2,\"field\":\"title\",\"type\":\"text\",\"display_name\":\"Title\",\"required\":true,\"browse\":true,\"read\":true,\"edit\":true,\"add\":true,\"delete\":true,\"details\":\"{}\",\"order\":2,\"id\":18},{\"data_type_id\":2,\"field\":\"slug\",\"type\":\"text\",\"display_name\":\"Slug\",\"required\":true,\"browse\":true,\"read\":true,\"edit\":true,\"add\":true,\"delete\":true,\"details\":\"{}\",\"order\":3,\"id\":19},{\"data_type_id\":2,\"field\":\"images\",\"type\":\"upload_image\",\"display_name\":\"Images\",\"required\":true,\"browse\":true,\"read\":true,\"edit\":true,\"add\":true,\"delete\":true,\"details\":\"{}\",\"order\":4,\"id\":20},{\"data_type_id\":2,\"field\":\"caption\",\"type\":\"textarea\",\"display_name\":\"Caption\",\"required\":true,\"browse\":true,\"read\":true,\"edit\":true,\"add\":true,\"delete\":true,\"details\":\"{}\",\"order\":5,\"id\":21},{\"data_type_id\":2,\"field\":\"writer\",\"type\":\"text\",\"display_name\":\"Writer\",\"required\":true,\"browse\":true,\"read\":true,\"edit\":true,\"add\":true,\"delete\":true,\"details\":\"{}\",\"order\":6,\"id\":22},{\"data_type_id\":2,\"field\":\"created_at\",\"type\":\"datetime\",\"display_name\":\"Created At\",\"required\":false,\"browse\":true,\"read\":true,\"edit\":false,\"add\":false,\"delete\":false,\"details\":\"{}\",\"order\":7,\"id\":23},{\"data_type_id\":2,\"field\":\"updated_at\",\"type\":\"datetime\",\"display_name\":\"Updated At\",\"required\":false,\"browse\":true,\"read\":true,\"edit\":false,\"add\":false,\"delete\":false,\"details\":\"{}\",\"order\":8,\"id\":24}]}}',NULL,'2023-01-15 12:59:56','2023-01-15 12:59:56'),(25,'Authentication','Login has been success',NULL,NULL,NULL,1,'Uasoft\\Badaso\\Models\\User','{\"attributes\":{\"id\":1,\"name\":\"Copy\",\"username\":\"admin\",\"email\":\"admin@mail.com\",\"additional_info\":null,\"avatar\":\"photos\\/shares\\/default-user.png\",\"phone\":null,\"email_verified_at\":\"2023-01-14T17:53:38.000000Z\",\"created_at\":\"2023-01-14T17:53:38.000000Z\",\"updated_at\":\"2023-01-14T17:53:38.000000Z\"}}',NULL,'2023-01-15 13:01:39','2023-01-15 13:01:39'),(26,'User','User Copy has been created or updated',1,'Uasoft\\Badaso\\Models\\User','created or updated',1,'Uasoft\\Badaso\\Models\\User','[]',NULL,'2023-01-15 13:03:10','2023-01-15 13:03:10'),(27,'User','User Copy has been created or updated',1,'Uasoft\\Badaso\\Models\\User','created or updated',1,'Uasoft\\Badaso\\Models\\User','[]',NULL,'2023-01-15 13:03:13','2023-01-15 13:03:13'),(28,'Role Permissions','Role administrator has been created or updated',NULL,NULL,'created or updated',1,'Uasoft\\Badaso\\Models\\User','{\"attributes\":{\"roleId\":1,\"permissions\":[1,2,3,4,5,6,7,8,9,10,11,12,13,14,15,16,17,18,19,20,21,22,23,24,25,26,27,28,29,30,31,32,33,34,35,36,37,38,39,40,41,42,43,44,45,46,47,48,49,50,51,52,53,54,55,62,63,64,65,66,67],\"role_id\":1}}',NULL,'2023-01-15 13:03:33','2023-01-15 13:03:33'),(29,'Permissions','Permission add_news has been edited',65,'Uasoft\\Badaso\\Models\\Permission','edited',1,'Uasoft\\Badaso\\Models\\User','{\"attributes\":{\"old\":{\"id\":65,\"key\":\"add_news\",\"description\":\"Add news\",\"table_name\":\"news\",\"always_allow\":0,\"is_public\":0,\"created_at\":\"2023-01-15T12:59:56.000000Z\",\"updated_at\":\"2023-01-15T12:59:56.000000Z\"},\"new\":{\"id\":65,\"key\":\"add_news\",\"description\":\"Add news\",\"table_name\":\"news\",\"always_allow\":true,\"is_public\":true,\"created_at\":\"2023-01-15T12:59:56.000000Z\",\"updated_at\":\"2023-01-15T13:03:59.000000Z\"}}}',NULL,'2023-01-15 13:03:59','2023-01-15 13:03:59'),(30,'Berita','Berita has been created',NULL,NULL,NULL,1,'Uasoft\\Badaso\\Models\\User','{\"attributes\":{\"id\":1,\"title\":\"Beritaa1\",\"slug\":\"berita\",\"images\":\"http:\\/\\/localhost\\/storage\\/photos\\/shares\\/auth-bg.jpg\",\"caption\":\"test\",\"writer\":\"Tatang\",\"created_at\":\"2023-01-15 13:07:30\",\"updated_at\":\"2023-01-15 13:07:30\"}}',NULL,'2023-01-15 13:07:30','2023-01-15 13:07:30'),(31,'Berita','Berita has been deleted',NULL,NULL,NULL,1,'Uasoft\\Badaso\\Models\\User','{\"id\":1}',NULL,'2023-01-15 13:08:23','2023-01-15 13:08:23'),(32,'CRUD','CRUD table news has been deleted',2,'Uasoft\\Badaso\\Models\\DataType','deleted',1,'Uasoft\\Badaso\\Models\\User','{\"attributes\":{\"id\":2,\"name\":\"news\",\"slug\":\"news\",\"display_name_singular\":\"Berita\",\"display_name_plural\":\"Berita\",\"icon\":null,\"model_name\":null,\"policy_name\":null,\"controller\":null,\"order_column\":null,\"order_display_column\":null,\"order_direction\":null,\"generate_permissions\":1,\"server_side\":0,\"is_maintenance\":0,\"description\":null,\"details\":null,\"notification\":\"[]\",\"is_soft_delete\":0,\"created_at\":\"2023-01-15T12:59:56.000000Z\",\"updated_at\":\"2023-01-15T12:59:56.000000Z\"}}',NULL,'2023-01-15 13:08:40','2023-01-15 13:08:40'),(33,'Database','Edit table news has been updated',NULL,NULL,'updated',1,'Uasoft\\Badaso\\Models\\User','{\"old\":[\"news\",[{\"id\":\"e3a6d26d-676e-4ecd-8a9c-8f2c5a7fa4f9\",\"field_name\":\"id\",\"field_type\":\"bigint\",\"field_length\":null,\"field_null\":false,\"field_attribute\":true,\"field_increment\":true,\"field_index\":\"primary\",\"field_default\":null},{\"id\":\"af7554b2-2e14-49ab-86df-5a4cb40c03c0\",\"field_name\":\"title\",\"field_type\":\"varchar\",\"field_length\":255,\"field_null\":false,\"field_attribute\":false,\"field_increment\":false,\"field_index\":null,\"field_default\":null},{\"id\":\"72d1c00f-0412-4748-8df3-d74660f3946d\",\"field_name\":\"slug\",\"field_type\":\"varchar\",\"field_length\":255,\"field_null\":false,\"field_attribute\":false,\"field_increment\":false,\"field_index\":null,\"field_default\":null},{\"id\":\"1eb8f89d-7810-4c04-b4a4-48c0cff7c66c\",\"field_name\":\"images\",\"field_type\":\"varchar\",\"field_length\":255,\"field_null\":false,\"field_attribute\":false,\"field_increment\":false,\"field_index\":null,\"field_default\":null},{\"id\":\"57b66bbe-5ddf-47d5-9a27-e87009d7020c\",\"field_name\":\"caption\",\"field_type\":\"text\",\"field_length\":65535,\"field_null\":false,\"field_attribute\":false,\"field_increment\":false,\"field_index\":null,\"field_default\":null},{\"id\":\"7a65f6cd-ff41-427d-98e9-eb8e45701937\",\"field_name\":\"writer\",\"field_type\":\"varchar\",\"field_length\":100,\"field_null\":false,\"field_attribute\":false,\"field_increment\":false,\"field_index\":null,\"field_default\":null},{\"id\":\"1087f187-dbcd-4b0d-a43b-c6852fac9133\",\"field_name\":\"created_at\",\"field_type\":\"timestamp\",\"field_length\":null,\"field_null\":true,\"field_attribute\":false,\"field_increment\":false,\"field_index\":null,\"field_default\":null},{\"id\":\"721e9038-7e50-4507-8968-d72dd2c5651e\",\"field_name\":\"updated_at\",\"field_type\":\"timestamp\",\"field_length\":null,\"field_null\":true,\"field_attribute\":false,\"field_increment\":false,\"field_index\":null,\"field_default\":null}],[]],\"new\":[\"news\",[{\"id\":\"e3a6d26d-676e-4ecd-8a9c-8f2c5a7fa4f9\",\"field_name\":\"id\",\"field_type\":\"bigint\",\"field_length\":null,\"field_null\":false,\"field_attribute\":true,\"field_increment\":true,\"field_index\":\"primary\",\"field_default\":null,\"modify_type\":[],\"undeletable\":true,\"indexes\":false},{\"id\":\"af7554b2-2e14-49ab-86df-5a4cb40c03c0\",\"field_name\":\"title\",\"field_type\":\"varchar\",\"field_length\":255,\"field_null\":false,\"field_attribute\":false,\"field_increment\":false,\"field_index\":null,\"field_default\":null,\"modify_type\":[],\"undeletable\":false,\"indexes\":false},{\"id\":\"1eb8f89d-7810-4c04-b4a4-48c0cff7c66c\",\"field_name\":\"images\",\"field_type\":\"varchar\",\"field_length\":255,\"field_null\":false,\"field_attribute\":false,\"field_increment\":false,\"field_index\":null,\"field_default\":null,\"modify_type\":[],\"undeletable\":false,\"indexes\":false},{\"id\":\"57b66bbe-5ddf-47d5-9a27-e87009d7020c\",\"field_name\":\"caption\",\"field_type\":\"text\",\"field_length\":65535,\"field_null\":false,\"field_attribute\":false,\"field_increment\":false,\"field_index\":null,\"field_default\":null,\"modify_type\":[],\"undeletable\":false,\"indexes\":false},{\"id\":\"7a65f6cd-ff41-427d-98e9-eb8e45701937\",\"field_name\":\"writer\",\"field_type\":\"varchar\",\"field_length\":100,\"field_null\":false,\"field_attribute\":false,\"field_increment\":false,\"field_index\":null,\"field_default\":null,\"modify_type\":[],\"undeletable\":false,\"indexes\":false},{\"id\":\"1087f187-dbcd-4b0d-a43b-c6852fac9133\",\"field_name\":\"created_at\",\"field_type\":\"timestamp\",\"field_length\":null,\"field_null\":true,\"field_attribute\":false,\"field_increment\":false,\"field_index\":null,\"field_default\":null,\"modify_type\":[],\"undeletable\":true,\"indexes\":true},{\"id\":\"721e9038-7e50-4507-8968-d72dd2c5651e\",\"field_name\":\"updated_at\",\"field_type\":\"timestamp\",\"field_length\":null,\"field_null\":true,\"field_attribute\":false,\"field_increment\":false,\"field_index\":null,\"field_default\":null,\"modify_type\":[],\"undeletable\":true,\"indexes\":false}],[]]}',NULL,'2023-01-15 13:08:53','2023-01-15 13:08:53'),(34,'CRUD','CRUD table news has been created',3,'Uasoft\\Badaso\\Models\\DataType','created',1,'Uasoft\\Badaso\\Models\\User','{\"attributes\":{\"name\":\"news\",\"slug\":\"news\",\"display_name_singular\":\"News\",\"display_name_plural\":\"News\",\"icon\":null,\"model_name\":null,\"policy_name\":null,\"controller\":null,\"order_column\":null,\"order_display_column\":null,\"order_direction\":null,\"generate_permissions\":true,\"server_side\":false,\"description\":null,\"details\":null,\"notification\":\"[]\",\"is_soft_delete\":false,\"updated_at\":\"2023-01-15T13:09:12.000000Z\",\"created_at\":\"2023-01-15T13:09:12.000000Z\",\"id\":3,\"data_rows\":[{\"id\":25,\"data_type_id\":3,\"field\":\"id\",\"type\":\"number\",\"display_name\":\"Id\",\"required\":1,\"browse\":1,\"read\":1,\"edit\":0,\"add\":0,\"delete\":0,\"details\":\"{}\",\"relation\":null,\"order\":1},{\"id\":26,\"data_type_id\":3,\"field\":\"title\",\"type\":\"text\",\"display_name\":\"Title\",\"required\":1,\"browse\":1,\"read\":1,\"edit\":1,\"add\":1,\"delete\":1,\"details\":\"{}\",\"relation\":null,\"order\":2},{\"id\":27,\"data_type_id\":3,\"field\":\"images\",\"type\":\"upload_image\",\"display_name\":\"Images\",\"required\":1,\"browse\":1,\"read\":1,\"edit\":1,\"add\":1,\"delete\":1,\"details\":\"{}\",\"relation\":null,\"order\":3},{\"id\":28,\"data_type_id\":3,\"field\":\"caption\",\"type\":\"textarea\",\"display_name\":\"Caption\",\"required\":1,\"browse\":1,\"read\":1,\"edit\":1,\"add\":1,\"delete\":1,\"details\":\"{}\",\"relation\":null,\"order\":4},{\"id\":29,\"data_type_id\":3,\"field\":\"writer\",\"type\":\"text\",\"display_name\":\"Writer\",\"required\":1,\"browse\":1,\"read\":1,\"edit\":1,\"add\":1,\"delete\":1,\"details\":\"{}\",\"relation\":null,\"order\":5},{\"id\":30,\"data_type_id\":3,\"field\":\"created_at\",\"type\":\"datetime\",\"display_name\":\"Created At\",\"required\":0,\"browse\":1,\"read\":1,\"edit\":0,\"add\":0,\"delete\":0,\"details\":\"{}\",\"relation\":null,\"order\":6},{\"id\":31,\"data_type_id\":3,\"field\":\"updated_at\",\"type\":\"datetime\",\"display_name\":\"Updated At\",\"required\":0,\"browse\":1,\"read\":1,\"edit\":0,\"add\":0,\"delete\":0,\"details\":\"{}\",\"relation\":null,\"order\":7}]}}',NULL,'2023-01-15 13:09:12','2023-01-15 13:09:12'),(35,'Role Controllers','Role admin has been updated',2,'Uasoft\\Badaso\\Models\\Role','updated',1,'Uasoft\\Badaso\\Models\\User','{\"attributes\":{\"old\":{\"id\":2,\"name\":\"admin\",\"display_name\":\"Admin\",\"description\":null,\"created_at\":\"2023-01-14T17:52:27.000000Z\",\"updated_at\":\"2023-01-15T13:09:54.000000Z\"},\"new\":{\"id\":2,\"name\":\"admin\",\"display_name\":\"Admin\",\"description\":null,\"created_at\":\"2023-01-14T17:52:27.000000Z\",\"updated_at\":\"2023-01-15T13:09:54.000000Z\"}}}',NULL,'2023-01-15 13:09:54','2023-01-15 13:09:54'),(36,'Role Permissions','Role admin has been created or updated',NULL,NULL,'created or updated',1,'Uasoft\\Badaso\\Models\\User','{\"attributes\":{\"roleId\":2,\"permissions\":[68,69,70,71,72],\"role_id\":2}}',NULL,'2023-01-15 13:10:27','2023-01-15 13:10:27'),(37,'Menu','Menu Core has been updated',2,'Uasoft\\Badaso\\Models\\Menu','updated',1,'Uasoft\\Badaso\\Models\\User','{\"attributes\":{\"old\":{\"id\":2,\"key\":\"core\",\"display_name\":\"Core\",\"icon\":null,\"is_expand\":0,\"is_show_header\":0,\"created_at\":\"2023-01-14T17:52:28.000000Z\",\"updated_at\":\"2023-01-15T13:10:38.000000Z\",\"order\":2},\"new\":{\"id\":2,\"key\":\"core\",\"display_name\":\"Core\",\"icon\":null,\"is_expand\":0,\"is_show_header\":0,\"created_at\":\"2023-01-14T17:52:28.000000Z\",\"updated_at\":\"2023-01-15T13:10:38.000000Z\",\"order\":2}}}',NULL,'2023-01-15 13:10:58','2023-01-15 13:10:58'),(38,'Authentication','Logout has been success',NULL,NULL,NULL,NULL,NULL,'[]',NULL,'2023-01-15 13:11:03','2023-01-15 13:11:03'),(39,'Authentication','Login has been success',NULL,NULL,NULL,2,'Uasoft\\Badaso\\Models\\User','{\"attributes\":{\"id\":2,\"name\":\"admin1\",\"username\":\"admin1\",\"email\":\"admin1@mail.com\",\"additional_info\":null,\"avatar\":null,\"phone\":null,\"email_verified_at\":\"2023-01-15T12:45:16.000000Z\",\"created_at\":\"2023-01-15T12:45:16.000000Z\",\"updated_at\":\"2023-01-15T12:45:16.000000Z\"}}',NULL,'2023-01-15 13:11:11','2023-01-15 13:11:11'),(40,'Authentication','Logout has been success',NULL,NULL,NULL,NULL,NULL,'[]',NULL,'2023-01-15 13:11:27','2023-01-15 13:11:27'),(41,'Authentication','Login has been success',NULL,NULL,NULL,1,'Uasoft\\Badaso\\Models\\User','{\"attributes\":{\"id\":1,\"name\":\"Copy\",\"username\":\"admin\",\"email\":\"admin@mail.com\",\"additional_info\":null,\"avatar\":\"photos\\/shares\\/default-user.png\",\"phone\":null,\"email_verified_at\":\"2023-01-14T17:53:38.000000Z\",\"created_at\":\"2023-01-14T17:53:38.000000Z\",\"updated_at\":\"2023-01-14T17:53:38.000000Z\"}}',NULL,'2023-01-15 13:11:33','2023-01-15 13:11:33'),(42,'User','User admin1 has been created or updated',2,'Uasoft\\Badaso\\Models\\User','created or updated',1,'Uasoft\\Badaso\\Models\\User','[]',NULL,'2023-01-15 13:11:58','2023-01-15 13:11:58'),(43,'Authentication','Login has been success',NULL,NULL,NULL,2,'Uasoft\\Badaso\\Models\\User','{\"attributes\":{\"id\":2,\"name\":\"admin1\",\"username\":\"admin1\",\"email\":\"admin1@mail.com\",\"additional_info\":null,\"avatar\":null,\"phone\":null,\"email_verified_at\":\"2023-01-15T12:45:16.000000Z\",\"created_at\":\"2023-01-15T12:45:16.000000Z\",\"updated_at\":\"2023-01-15T12:45:16.000000Z\"}}',NULL,'2023-01-15 13:12:23','2023-01-15 13:12:23'),(44,'CRUD','CRUD table news has been updated',3,'Uasoft\\Badaso\\Models\\DataType','updated',1,'Uasoft\\Badaso\\Models\\User','{\"old\":{\"id\":3,\"name\":\"news\",\"slug\":\"news\",\"display_name_singular\":\"News\",\"display_name_plural\":\"News\",\"icon\":null,\"model_name\":\"NewsModel\",\"policy_name\":null,\"controller\":\"NewsController\",\"order_column\":null,\"order_display_column\":null,\"order_direction\":null,\"generate_permissions\":true,\"server_side\":false,\"is_maintenance\":0,\"description\":null,\"details\":null,\"notification\":\"[]\",\"is_soft_delete\":false,\"created_at\":\"2023-01-15T13:09:12.000000Z\",\"updated_at\":\"2023-01-15T13:16:04.000000Z\",\"data_rows\":[{\"id\":32,\"data_type_id\":3,\"field\":\"id\",\"type\":\"number\",\"display_name\":\"Id\",\"required\":1,\"browse\":1,\"read\":1,\"edit\":0,\"add\":0,\"delete\":0,\"details\":\"{}\",\"relation\":null,\"order\":1},{\"id\":33,\"data_type_id\":3,\"field\":\"title\",\"type\":\"text\",\"display_name\":\"Title\",\"required\":1,\"browse\":1,\"read\":1,\"edit\":1,\"add\":1,\"delete\":1,\"details\":\"{}\",\"relation\":null,\"order\":2},{\"id\":34,\"data_type_id\":3,\"field\":\"images\",\"type\":\"upload_image\",\"display_name\":\"Images\",\"required\":1,\"browse\":1,\"read\":1,\"edit\":1,\"add\":1,\"delete\":1,\"details\":\"{}\",\"relation\":null,\"order\":3},{\"id\":35,\"data_type_id\":3,\"field\":\"caption\",\"type\":\"textarea\",\"display_name\":\"Caption\",\"required\":1,\"browse\":1,\"read\":1,\"edit\":1,\"add\":1,\"delete\":1,\"details\":\"{}\",\"relation\":null,\"order\":4},{\"id\":36,\"data_type_id\":3,\"field\":\"writer\",\"type\":\"text\",\"display_name\":\"Writer\",\"required\":1,\"browse\":1,\"read\":1,\"edit\":1,\"add\":1,\"delete\":1,\"details\":\"{}\",\"relation\":null,\"order\":5},{\"id\":37,\"data_type_id\":3,\"field\":\"created_at\",\"type\":\"datetime\",\"display_name\":\"Created At\",\"required\":0,\"browse\":1,\"read\":1,\"edit\":0,\"add\":0,\"delete\":0,\"details\":\"{}\",\"relation\":null,\"order\":6},{\"id\":38,\"data_type_id\":3,\"field\":\"updated_at\",\"type\":\"datetime\",\"display_name\":\"Updated At\",\"required\":0,\"browse\":1,\"read\":1,\"edit\":0,\"add\":0,\"delete\":0,\"details\":\"{}\",\"relation\":null,\"order\":7}]},\"new\":{\"id\":3,\"name\":\"news\",\"slug\":\"news\",\"displayNameSingular\":\"News\",\"displayNamePlural\":\"News\",\"icon\":null,\"modelName\":\"NewsModel\",\"policyName\":null,\"controller\":\"NewsController\",\"orderColumn\":null,\"orderDisplayColumn\":null,\"orderDirection\":null,\"generatePermissions\":true,\"serverSide\":false,\"isMaintenance\":0,\"description\":null,\"details\":null,\"notification\":[],\"isSoftDelete\":0,\"createdAt\":\"2023-01-15T13:09:12.000000Z\",\"updatedAt\":\"2023-01-15T13:09:12.000000Z\",\"dataRows\":[{\"id\":25,\"dataTypeId\":3,\"field\":\"id\",\"type\":\"number\",\"displayName\":\"Id\",\"required\":1,\"browse\":1,\"read\":1,\"edit\":0,\"add\":0,\"delete\":0,\"details\":\"{}\",\"relation\":null,\"order\":1},{\"id\":26,\"dataTypeId\":3,\"field\":\"title\",\"type\":\"text\",\"displayName\":\"Title\",\"required\":1,\"browse\":1,\"read\":1,\"edit\":1,\"add\":1,\"delete\":1,\"details\":\"{}\",\"relation\":null,\"order\":2},{\"id\":27,\"dataTypeId\":3,\"field\":\"images\",\"type\":\"upload_image\",\"displayName\":\"Images\",\"required\":1,\"browse\":1,\"read\":1,\"edit\":1,\"add\":1,\"delete\":1,\"details\":\"{}\",\"relation\":null,\"order\":3},{\"id\":28,\"dataTypeId\":3,\"field\":\"caption\",\"type\":\"textarea\",\"displayName\":\"Caption\",\"required\":1,\"browse\":1,\"read\":1,\"edit\":1,\"add\":1,\"delete\":1,\"details\":\"{}\",\"relation\":null,\"order\":4},{\"id\":29,\"dataTypeId\":3,\"field\":\"writer\",\"type\":\"text\",\"displayName\":\"Writer\",\"required\":1,\"browse\":1,\"read\":1,\"edit\":1,\"add\":1,\"delete\":1,\"details\":\"{}\",\"relation\":null,\"order\":5},{\"id\":30,\"dataTypeId\":3,\"field\":\"created_at\",\"type\":\"datetime\",\"displayName\":\"Created At\",\"required\":0,\"browse\":1,\"read\":1,\"edit\":0,\"add\":0,\"delete\":0,\"details\":\"{}\",\"relation\":null,\"order\":6},{\"id\":31,\"dataTypeId\":3,\"field\":\"updated_at\",\"type\":\"datetime\",\"displayName\":\"Updated At\",\"required\":0,\"browse\":1,\"read\":1,\"edit\":0,\"add\":0,\"delete\":0,\"details\":\"{}\",\"relation\":null,\"order\":7}],\"createSoftDelete\":false,\"rows\":[{\"label\":\"id\",\"value\":\"id\",\"field\":\"id\",\"type\":\"number\",\"display_name\":\"Id\",\"required\":true,\"browse\":true,\"read\":true,\"edit\":false,\"add\":false,\"delete\":false,\"details\":\"{}\",\"relation_type\":null,\"destination_table\":null,\"destination_table_column\":null,\"destination_table_display_column\":null,\"destination_table_display_more_column\":null,\"order\":1,\"set_relation\":false},{\"label\":\"title\",\"value\":\"title\",\"field\":\"title\",\"type\":\"text\",\"display_name\":\"Title\",\"required\":true,\"browse\":true,\"read\":true,\"edit\":true,\"add\":true,\"delete\":true,\"details\":\"{}\",\"relation_type\":null,\"destination_table\":null,\"destination_table_column\":null,\"destination_table_display_column\":null,\"destination_table_display_more_column\":null,\"order\":2,\"set_relation\":false},{\"label\":\"images\",\"value\":\"images\",\"field\":\"images\",\"type\":\"upload_image\",\"display_name\":\"Images\",\"required\":true,\"browse\":true,\"read\":true,\"edit\":true,\"add\":true,\"delete\":true,\"details\":\"{}\",\"relation_type\":null,\"destination_table\":null,\"destination_table_column\":null,\"destination_table_display_column\":null,\"destination_table_display_more_column\":null,\"order\":3,\"set_relation\":false},{\"label\":\"caption\",\"value\":\"caption\",\"field\":\"caption\",\"type\":\"textarea\",\"display_name\":\"Caption\",\"required\":true,\"browse\":true,\"read\":true,\"edit\":true,\"add\":true,\"delete\":true,\"details\":\"{}\",\"relation_type\":null,\"destination_table\":null,\"destination_table_column\":null,\"destination_table_display_column\":null,\"destination_table_display_more_column\":null,\"order\":4,\"set_relation\":false},{\"label\":\"writer\",\"value\":\"writer\",\"field\":\"writer\",\"type\":\"text\",\"display_name\":\"Writer\",\"required\":true,\"browse\":true,\"read\":true,\"edit\":true,\"add\":true,\"delete\":true,\"details\":\"{}\",\"relation_type\":null,\"destination_table\":null,\"destination_table_column\":null,\"destination_table_display_column\":null,\"destination_table_display_more_column\":null,\"order\":5,\"set_relation\":false},{\"label\":\"created_at\",\"value\":\"created_at\",\"field\":\"created_at\",\"type\":\"datetime\",\"display_name\":\"Created At\",\"required\":false,\"browse\":true,\"read\":true,\"edit\":false,\"add\":false,\"delete\":false,\"details\":\"{}\",\"relation_type\":null,\"destination_table\":null,\"destination_table_column\":null,\"destination_table_display_column\":null,\"destination_table_display_more_column\":null,\"order\":6,\"set_relation\":false},{\"label\":\"updated_at\",\"value\":\"updated_at\",\"field\":\"updated_at\",\"type\":\"datetime\",\"display_name\":\"Updated At\",\"required\":false,\"browse\":true,\"read\":true,\"edit\":false,\"add\":false,\"delete\":false,\"details\":\"{}\",\"relation_type\":null,\"destination_table\":null,\"destination_table_column\":null,\"destination_table_display_column\":null,\"destination_table_display_more_column\":null,\"order\":7,\"set_relation\":false}],\"display_name_singular\":\"News\",\"display_name_plural\":\"News\",\"model_name\":\"NewsModel\",\"policy_name\":null,\"order_column\":null,\"order_display_column\":null,\"order_direction\":null,\"generate_permissions\":true,\"server_side\":false,\"is_maintenance\":0,\"is_soft_delete\":0,\"created_at\":\"2023-01-15T13:09:12.000000Z\",\"updated_at\":\"2023-01-15T13:09:12.000000Z\",\"data_rows\":[{\"id\":25,\"data_type_id\":3,\"field\":\"id\",\"type\":\"number\",\"display_name\":\"Id\",\"required\":1,\"browse\":1,\"read\":1,\"edit\":0,\"add\":0,\"delete\":0,\"details\":\"{}\",\"relation\":null,\"order\":1},{\"id\":26,\"data_type_id\":3,\"field\":\"title\",\"type\":\"text\",\"display_name\":\"Title\",\"required\":1,\"browse\":1,\"read\":1,\"edit\":1,\"add\":1,\"delete\":1,\"details\":\"{}\",\"relation\":null,\"order\":2},{\"id\":27,\"data_type_id\":3,\"field\":\"images\",\"type\":\"upload_image\",\"display_name\":\"Images\",\"required\":1,\"browse\":1,\"read\":1,\"edit\":1,\"add\":1,\"delete\":1,\"details\":\"{}\",\"relation\":null,\"order\":3},{\"id\":28,\"data_type_id\":3,\"field\":\"caption\",\"type\":\"textarea\",\"display_name\":\"Caption\",\"required\":1,\"browse\":1,\"read\":1,\"edit\":1,\"add\":1,\"delete\":1,\"details\":\"{}\",\"relation\":null,\"order\":4},{\"id\":29,\"data_type_id\":3,\"field\":\"writer\",\"type\":\"text\",\"display_name\":\"Writer\",\"required\":1,\"browse\":1,\"read\":1,\"edit\":1,\"add\":1,\"delete\":1,\"details\":\"{}\",\"relation\":null,\"order\":5},{\"id\":30,\"data_type_id\":3,\"field\":\"created_at\",\"type\":\"datetime\",\"display_name\":\"Created At\",\"required\":0,\"browse\":1,\"read\":1,\"edit\":0,\"add\":0,\"delete\":0,\"details\":\"{}\",\"relation\":null,\"order\":6},{\"id\":31,\"data_type_id\":3,\"field\":\"updated_at\",\"type\":\"datetime\",\"display_name\":\"Updated At\",\"required\":0,\"browse\":1,\"read\":1,\"edit\":0,\"add\":0,\"delete\":0,\"details\":\"{}\",\"relation\":null,\"order\":7}],\"create_soft_delete\":false}}',NULL,'2023-01-15 13:16:05','2023-01-15 13:16:05'),(45,'CRUD','CRUD table news has been deleted',3,'Uasoft\\Badaso\\Models\\DataType','deleted',1,'Uasoft\\Badaso\\Models\\User','{\"attributes\":{\"id\":3,\"name\":\"news\",\"slug\":\"news\",\"display_name_singular\":\"News\",\"display_name_plural\":\"News\",\"icon\":null,\"model_name\":\"NewsModel\",\"policy_name\":null,\"controller\":\"NewsController\",\"order_column\":null,\"order_display_column\":null,\"order_direction\":null,\"generate_permissions\":1,\"server_side\":0,\"is_maintenance\":0,\"description\":null,\"details\":null,\"notification\":\"[]\",\"is_soft_delete\":0,\"created_at\":\"2023-01-15T13:09:12.000000Z\",\"updated_at\":\"2023-01-15T13:16:04.000000Z\"}}',NULL,'2023-01-15 13:16:28','2023-01-15 13:16:28'),(46,'CRUD','CRUD table news has been created',4,'Uasoft\\Badaso\\Models\\DataType','created',1,'Uasoft\\Badaso\\Models\\User','{\"attributes\":{\"name\":\"news\",\"slug\":\"news\",\"display_name_singular\":\"Berita\",\"display_name_plural\":\"Berita\",\"icon\":null,\"model_name\":\"NewsModel\",\"policy_name\":null,\"controller\":\"NewsController\",\"order_column\":null,\"order_display_column\":null,\"order_direction\":null,\"generate_permissions\":true,\"server_side\":true,\"description\":null,\"details\":null,\"notification\":\"[]\",\"is_soft_delete\":false,\"updated_at\":\"2023-01-15T13:17:38.000000Z\",\"created_at\":\"2023-01-15T13:17:38.000000Z\",\"id\":4,\"data_rows\":[{\"id\":39,\"data_type_id\":4,\"field\":\"id\",\"type\":\"number\",\"display_name\":\"Id\",\"required\":1,\"browse\":1,\"read\":1,\"edit\":0,\"add\":0,\"delete\":0,\"details\":\"{}\",\"relation\":null,\"order\":1},{\"id\":40,\"data_type_id\":4,\"field\":\"title\",\"type\":\"text\",\"display_name\":\"Title\",\"required\":1,\"browse\":1,\"read\":1,\"edit\":1,\"add\":1,\"delete\":1,\"details\":\"{}\",\"relation\":null,\"order\":2},{\"id\":41,\"data_type_id\":4,\"field\":\"images\",\"type\":\"upload_image\",\"display_name\":\"Images\",\"required\":1,\"browse\":1,\"read\":1,\"edit\":1,\"add\":1,\"delete\":1,\"details\":\"{}\",\"relation\":null,\"order\":3},{\"id\":42,\"data_type_id\":4,\"field\":\"caption\",\"type\":\"textarea\",\"display_name\":\"Caption\",\"required\":1,\"browse\":1,\"read\":1,\"edit\":1,\"add\":1,\"delete\":1,\"details\":\"{}\",\"relation\":null,\"order\":4},{\"id\":43,\"data_type_id\":4,\"field\":\"writer\",\"type\":\"text\",\"display_name\":\"Writer\",\"required\":1,\"browse\":1,\"read\":1,\"edit\":1,\"add\":1,\"delete\":1,\"details\":\"{}\",\"relation\":null,\"order\":5},{\"id\":44,\"data_type_id\":4,\"field\":\"created_at\",\"type\":\"datetime\",\"display_name\":\"Created At\",\"required\":0,\"browse\":1,\"read\":1,\"edit\":0,\"add\":0,\"delete\":0,\"details\":\"{}\",\"relation\":null,\"order\":6},{\"id\":45,\"data_type_id\":4,\"field\":\"updated_at\",\"type\":\"datetime\",\"display_name\":\"Updated At\",\"required\":0,\"browse\":1,\"read\":1,\"edit\":0,\"add\":0,\"delete\":0,\"details\":\"{}\",\"relation\":null,\"order\":7}]}}',NULL,'2023-01-15 13:17:38','2023-01-15 13:17:38'),(47,'CRUD','CRUD table news has been updated',4,'Uasoft\\Badaso\\Models\\DataType','updated',1,'Uasoft\\Badaso\\Models\\User','{\"old\":{\"id\":4,\"name\":\"news\",\"slug\":\"news\",\"display_name_singular\":\"Berita\",\"display_name_plural\":\"Berita\",\"icon\":null,\"model_name\":null,\"policy_name\":null,\"controller\":null,\"order_column\":null,\"order_display_column\":null,\"order_direction\":null,\"generate_permissions\":true,\"server_side\":false,\"is_maintenance\":0,\"description\":null,\"details\":null,\"notification\":\"[]\",\"is_soft_delete\":false,\"created_at\":\"2023-01-15T13:17:38.000000Z\",\"updated_at\":\"2023-01-15T13:19:47.000000Z\",\"data_rows\":[{\"id\":46,\"data_type_id\":4,\"field\":\"id\",\"type\":\"number\",\"display_name\":\"Id\",\"required\":1,\"browse\":1,\"read\":1,\"edit\":0,\"add\":0,\"delete\":0,\"details\":\"{}\",\"relation\":null,\"order\":1},{\"id\":47,\"data_type_id\":4,\"field\":\"title\",\"type\":\"text\",\"display_name\":\"Title\",\"required\":1,\"browse\":1,\"read\":1,\"edit\":1,\"add\":1,\"delete\":1,\"details\":\"{}\",\"relation\":null,\"order\":2},{\"id\":48,\"data_type_id\":4,\"field\":\"images\",\"type\":\"upload_image\",\"display_name\":\"Images\",\"required\":1,\"browse\":1,\"read\":1,\"edit\":1,\"add\":1,\"delete\":1,\"details\":\"{}\",\"relation\":null,\"order\":3},{\"id\":49,\"data_type_id\":4,\"field\":\"caption\",\"type\":\"textarea\",\"display_name\":\"Caption\",\"required\":1,\"browse\":1,\"read\":1,\"edit\":1,\"add\":1,\"delete\":1,\"details\":\"{}\",\"relation\":null,\"order\":4},{\"id\":50,\"data_type_id\":4,\"field\":\"writer\",\"type\":\"text\",\"display_name\":\"Writer\",\"required\":1,\"browse\":1,\"read\":1,\"edit\":1,\"add\":1,\"delete\":1,\"details\":\"{}\",\"relation\":null,\"order\":5},{\"id\":51,\"data_type_id\":4,\"field\":\"created_at\",\"type\":\"datetime\",\"display_name\":\"Created At\",\"required\":0,\"browse\":1,\"read\":1,\"edit\":0,\"add\":0,\"delete\":0,\"details\":\"{}\",\"relation\":null,\"order\":6},{\"id\":52,\"data_type_id\":4,\"field\":\"updated_at\",\"type\":\"datetime\",\"display_name\":\"Updated At\",\"required\":0,\"browse\":1,\"read\":1,\"edit\":0,\"add\":0,\"delete\":0,\"details\":\"{}\",\"relation\":null,\"order\":7}]},\"new\":{\"id\":4,\"name\":\"news\",\"slug\":\"news\",\"displayNameSingular\":\"Berita\",\"displayNamePlural\":\"Berita\",\"icon\":null,\"modelName\":null,\"policyName\":null,\"controller\":null,\"orderColumn\":null,\"orderDisplayColumn\":null,\"orderDirection\":null,\"generatePermissions\":true,\"serverSide\":false,\"isMaintenance\":0,\"description\":null,\"details\":null,\"notification\":[],\"isSoftDelete\":0,\"createdAt\":\"2023-01-15T13:17:38.000000Z\",\"updatedAt\":\"2023-01-15T13:17:38.000000Z\",\"dataRows\":[{\"id\":39,\"dataTypeId\":4,\"field\":\"id\",\"type\":\"number\",\"displayName\":\"Id\",\"required\":1,\"browse\":1,\"read\":1,\"edit\":0,\"add\":0,\"delete\":0,\"details\":\"{}\",\"relation\":null,\"order\":1},{\"id\":40,\"dataTypeId\":4,\"field\":\"title\",\"type\":\"text\",\"displayName\":\"Title\",\"required\":1,\"browse\":1,\"read\":1,\"edit\":1,\"add\":1,\"delete\":1,\"details\":\"{}\",\"relation\":null,\"order\":2},{\"id\":41,\"dataTypeId\":4,\"field\":\"images\",\"type\":\"upload_image\",\"displayName\":\"Images\",\"required\":1,\"browse\":1,\"read\":1,\"edit\":1,\"add\":1,\"delete\":1,\"details\":\"{}\",\"relation\":null,\"order\":3},{\"id\":42,\"dataTypeId\":4,\"field\":\"caption\",\"type\":\"textarea\",\"displayName\":\"Caption\",\"required\":1,\"browse\":1,\"read\":1,\"edit\":1,\"add\":1,\"delete\":1,\"details\":\"{}\",\"relation\":null,\"order\":4},{\"id\":43,\"dataTypeId\":4,\"field\":\"writer\",\"type\":\"text\",\"displayName\":\"Writer\",\"required\":1,\"browse\":1,\"read\":1,\"edit\":1,\"add\":1,\"delete\":1,\"details\":\"{}\",\"relation\":null,\"order\":5},{\"id\":44,\"dataTypeId\":4,\"field\":\"created_at\",\"type\":\"datetime\",\"displayName\":\"Created At\",\"required\":0,\"browse\":1,\"read\":1,\"edit\":0,\"add\":0,\"delete\":0,\"details\":\"{}\",\"relation\":null,\"order\":6},{\"id\":45,\"dataTypeId\":4,\"field\":\"updated_at\",\"type\":\"datetime\",\"displayName\":\"Updated At\",\"required\":0,\"browse\":1,\"read\":1,\"edit\":0,\"add\":0,\"delete\":0,\"details\":\"{}\",\"relation\":null,\"order\":7}],\"createSoftDelete\":false,\"rows\":[{\"label\":\"id\",\"value\":\"id\",\"field\":\"id\",\"type\":\"number\",\"display_name\":\"Id\",\"required\":true,\"browse\":true,\"read\":true,\"edit\":false,\"add\":false,\"delete\":false,\"details\":\"{}\",\"relation_type\":null,\"destination_table\":null,\"destination_table_column\":null,\"destination_table_display_column\":null,\"destination_table_display_more_column\":null,\"order\":1,\"set_relation\":false},{\"label\":\"title\",\"value\":\"title\",\"field\":\"title\",\"type\":\"text\",\"display_name\":\"Title\",\"required\":true,\"browse\":true,\"read\":true,\"edit\":true,\"add\":true,\"delete\":true,\"details\":\"{}\",\"relation_type\":null,\"destination_table\":null,\"destination_table_column\":null,\"destination_table_display_column\":null,\"destination_table_display_more_column\":null,\"order\":2,\"set_relation\":false},{\"label\":\"images\",\"value\":\"images\",\"field\":\"images\",\"type\":\"upload_image\",\"display_name\":\"Images\",\"required\":true,\"browse\":true,\"read\":true,\"edit\":true,\"add\":true,\"delete\":true,\"details\":\"{}\",\"relation_type\":null,\"destination_table\":null,\"destination_table_column\":null,\"destination_table_display_column\":null,\"destination_table_display_more_column\":null,\"order\":3,\"set_relation\":false},{\"label\":\"caption\",\"value\":\"caption\",\"field\":\"caption\",\"type\":\"textarea\",\"display_name\":\"Caption\",\"required\":true,\"browse\":true,\"read\":true,\"edit\":true,\"add\":true,\"delete\":true,\"details\":\"{}\",\"relation_type\":null,\"destination_table\":null,\"destination_table_column\":null,\"destination_table_display_column\":null,\"destination_table_display_more_column\":null,\"order\":4,\"set_relation\":false},{\"label\":\"writer\",\"value\":\"writer\",\"field\":\"writer\",\"type\":\"text\",\"display_name\":\"Writer\",\"required\":true,\"browse\":true,\"read\":true,\"edit\":true,\"add\":true,\"delete\":true,\"details\":\"{}\",\"relation_type\":null,\"destination_table\":null,\"destination_table_column\":null,\"destination_table_display_column\":null,\"destination_table_display_more_column\":null,\"order\":5,\"set_relation\":false},{\"label\":\"created_at\",\"value\":\"created_at\",\"field\":\"created_at\",\"type\":\"datetime\",\"display_name\":\"Created At\",\"required\":false,\"browse\":true,\"read\":true,\"edit\":false,\"add\":false,\"delete\":false,\"details\":\"{}\",\"relation_type\":null,\"destination_table\":null,\"destination_table_column\":null,\"destination_table_display_column\":null,\"destination_table_display_more_column\":null,\"order\":6,\"set_relation\":false},{\"label\":\"updated_at\",\"value\":\"updated_at\",\"field\":\"updated_at\",\"type\":\"datetime\",\"display_name\":\"Updated At\",\"required\":false,\"browse\":true,\"read\":true,\"edit\":false,\"add\":false,\"delete\":false,\"details\":\"{}\",\"relation_type\":null,\"destination_table\":null,\"destination_table_column\":null,\"destination_table_display_column\":null,\"destination_table_display_more_column\":null,\"order\":7,\"set_relation\":false}],\"display_name_singular\":\"Berita\",\"display_name_plural\":\"Berita\",\"model_name\":null,\"policy_name\":null,\"order_column\":null,\"order_display_column\":null,\"order_direction\":null,\"generate_permissions\":true,\"server_side\":false,\"is_maintenance\":0,\"is_soft_delete\":0,\"created_at\":\"2023-01-15T13:17:38.000000Z\",\"updated_at\":\"2023-01-15T13:17:38.000000Z\",\"data_rows\":[{\"id\":39,\"data_type_id\":4,\"field\":\"id\",\"type\":\"number\",\"display_name\":\"Id\",\"required\":1,\"browse\":1,\"read\":1,\"edit\":0,\"add\":0,\"delete\":0,\"details\":\"{}\",\"relation\":null,\"order\":1},{\"id\":40,\"data_type_id\":4,\"field\":\"title\",\"type\":\"text\",\"display_name\":\"Title\",\"required\":1,\"browse\":1,\"read\":1,\"edit\":1,\"add\":1,\"delete\":1,\"details\":\"{}\",\"relation\":null,\"order\":2},{\"id\":41,\"data_type_id\":4,\"field\":\"images\",\"type\":\"upload_image\",\"display_name\":\"Images\",\"required\":1,\"browse\":1,\"read\":1,\"edit\":1,\"add\":1,\"delete\":1,\"details\":\"{}\",\"relation\":null,\"order\":3},{\"id\":42,\"data_type_id\":4,\"field\":\"caption\",\"type\":\"textarea\",\"display_name\":\"Caption\",\"required\":1,\"browse\":1,\"read\":1,\"edit\":1,\"add\":1,\"delete\":1,\"details\":\"{}\",\"relation\":null,\"order\":4},{\"id\":43,\"data_type_id\":4,\"field\":\"writer\",\"type\":\"text\",\"display_name\":\"Writer\",\"required\":1,\"browse\":1,\"read\":1,\"edit\":1,\"add\":1,\"delete\":1,\"details\":\"{}\",\"relation\":null,\"order\":5},{\"id\":44,\"data_type_id\":4,\"field\":\"created_at\",\"type\":\"datetime\",\"display_name\":\"Created At\",\"required\":0,\"browse\":1,\"read\":1,\"edit\":0,\"add\":0,\"delete\":0,\"details\":\"{}\",\"relation\":null,\"order\":6},{\"id\":45,\"data_type_id\":4,\"field\":\"updated_at\",\"type\":\"datetime\",\"display_name\":\"Updated At\",\"required\":0,\"browse\":1,\"read\":1,\"edit\":0,\"add\":0,\"delete\":0,\"details\":\"{}\",\"relation\":null,\"order\":7}],\"create_soft_delete\":false}}',NULL,'2023-01-15 13:19:47','2023-01-15 13:19:47'),(48,'Berita','Berita has been created',NULL,NULL,NULL,1,'Uasoft\\Badaso\\Models\\User','{\"attributes\":{\"id\":2,\"title\":\"Berita terbaru\",\"images\":\"http:\\/\\/localhost\\/images\\/logo.png\",\"caption\":\"test1234\",\"writer\":\"Tatang\",\"created_at\":\"2023-01-15 13:21:06\",\"updated_at\":\"2023-01-15 13:21:06\"}}',NULL,'2023-01-15 13:21:06','2023-01-15 13:21:06'),(49,'Configurations','Configuration has been updated',11,'Uasoft\\Badaso\\Models\\Configuration','updated',1,'Uasoft\\Badaso\\Models\\User','{\"attributes\":[{\"id\":1,\"key\":\"adminPanelTitle\",\"display_name\":\"Admin Panel Title\",\"value\":\"Desa Genilangit Dashboard\",\"details\":null,\"type\":\"text\",\"order\":1,\"group\":\"adminPanel\",\"can_delete\":false,\"created_at\":\"2023-01-14T17:52:28.000000Z\",\"updated_at\":\"2023-01-15T12:43:01.000000Z\"},{\"id\":7,\"key\":\"adminPanelLogoConfig\",\"display_name\":\"Admin Panel Logo Config\",\"value\":\"logo_only\",\"details\":{\"items\":[{\"label\":\"Logo Only\",\"value\":\"logo_only\"},{\"label\":\"Text Only\",\"value\":\"text_only\"},{\"label\":\"Logo & Text\",\"value\":\"logo_and_text\"}]},\"type\":\"select\",\"order\":1,\"group\":\"adminPanel\",\"can_delete\":false,\"created_at\":\"2023-01-14T17:52:28.000000Z\",\"updated_at\":\"2023-01-14T17:52:28.000000Z\"},{\"id\":12,\"key\":\"defaultRoleRegistration\",\"display_name\":\"Default Role Registration\",\"value\":\"customer\",\"details\":{\"items\":[{\"label\":\"Administrator\",\"value\":\"administrator\"},{\"label\":\"Admin\",\"value\":\"admin\"}]},\"type\":\"select\",\"order\":1,\"group\":\"adminPanel\",\"can_delete\":false,\"created_at\":\"2023-01-14T17:52:28.000000Z\",\"updated_at\":\"2023-01-15T12:43:01.000000Z\"},{\"id\":2,\"key\":\"adminPanelDescription\",\"display_name\":\"Admin Panel Description\",\"value\":\"Landing page desa genilangit\",\"details\":null,\"type\":\"text\",\"order\":2,\"group\":\"adminPanel\",\"can_delete\":false,\"created_at\":\"2023-01-14T17:52:28.000000Z\",\"updated_at\":\"2023-01-15T12:43:01.000000Z\"},{\"id\":3,\"key\":\"adminPanelLogo\",\"display_name\":\"Admin Panel Logo\",\"value\":\"http:\\/\\/localhost\\/images\\/logo.png\",\"details\":{\"type\":\"shares-only\"},\"type\":\"upload_image\",\"order\":3,\"group\":\"adminPanel\",\"can_delete\":false,\"created_at\":\"2023-01-14T17:52:28.000000Z\",\"updated_at\":\"2023-01-15T12:43:01.000000Z\"},{\"id\":4,\"key\":\"adminPanelHeaderColor\",\"display_name\":\"Admin Panel Header Color\",\"value\":\"#ffffff\",\"details\":null,\"type\":\"color_picker\",\"order\":4,\"group\":\"adminPanel\",\"can_delete\":false,\"created_at\":\"2023-01-14T17:52:28.000000Z\",\"updated_at\":\"2023-01-15T12:43:01.000000Z\"},{\"id\":5,\"key\":\"adminPanelHeaderFontColor\",\"display_name\":\"Admin Panel Header Font Color\",\"value\":\"#06bbd3\",\"details\":null,\"type\":\"color_picker\",\"order\":5,\"group\":\"adminPanel\",\"can_delete\":false,\"created_at\":\"2023-01-14T17:52:28.000000Z\",\"updated_at\":\"2023-01-15T12:43:01.000000Z\"},{\"id\":6,\"key\":\"adminPanelVerifyEmail\",\"display_name\":\"Should verify email after register\",\"value\":false,\"details\":null,\"type\":\"switch\",\"order\":6,\"group\":\"adminPanel\",\"can_delete\":false,\"created_at\":\"2023-01-14T17:52:28.000000Z\",\"updated_at\":\"2023-01-15T12:43:01.000000Z\"},{\"id\":8,\"key\":\"favicon\",\"display_name\":\"Favicon\",\"value\":\"http:\\/\\/localhost\\/images\\/logo.png\",\"details\":{\"type\":\"shares-only\"},\"type\":\"upload_image\",\"order\":7,\"group\":\"adminPanel\",\"can_delete\":false,\"created_at\":\"2023-01-14T17:52:28.000000Z\",\"updated_at\":\"2023-01-15T12:43:01.000000Z\"},{\"id\":9,\"key\":\"maintenance\",\"display_name\":\"Maintenance for all pages.\",\"value\":false,\"details\":\"Admin still can access the dashboard.\",\"type\":\"switch\",\"order\":8,\"group\":\"adminPanel\",\"can_delete\":false,\"created_at\":\"2023-01-14T17:52:28.000000Z\",\"updated_at\":\"2023-01-15T12:43:01.000000Z\"},{\"id\":10,\"key\":\"authBackgroundImage\",\"display_name\":\"Background image for login page.\",\"value\":\"http:\\/\\/localhost\\/storage\\/photos\\/shares\\/prestasi.svg\",\"details\":\"Admin still can access the dashboard.\",\"type\":\"upload_image\",\"order\":9,\"group\":\"adminPanel\",\"can_delete\":false,\"created_at\":\"2023-01-14T17:52:28.000000Z\",\"updated_at\":\"2023-01-15T12:43:01.000000Z\"},{\"id\":11,\"key\":\"maintenanceImage\",\"display_name\":\"Image for maintenance page\",\"value\":\"storage\\/photos\\/shares\\/maintenance.png\",\"details\":{\"type\":\"shares-only\"},\"type\":\"upload_image\",\"order\":10,\"group\":\"adminPanel\",\"can_delete\":false,\"created_at\":\"2023-01-14T17:52:28.000000Z\",\"updated_at\":\"2023-01-15T12:43:01.000000Z\"}]}',NULL,'2023-01-15 13:50:00','2023-01-15 13:50:00'),(50,'Berita','Berita has been deleted',NULL,NULL,NULL,1,'Uasoft\\Badaso\\Models\\User','{\"id\":2}',NULL,'2023-01-15 13:54:52','2023-01-15 13:54:52'),(51,'Berita','Berita has been created',NULL,NULL,NULL,1,'Uasoft\\Badaso\\Models\\User','{\"attributes\":{\"id\":3,\"title\":\"Desa Genilangit Magetan jadi finalis Anugerah Desa Wisata 2021\",\"images\":\"https:\\/\\/img.antaranews.com\\/cache\\/800x533\\/2021\\/06\\/09\\/Desa-Wissata-Genilangit-1.jpg.webp\",\"caption\":\"Magetan (ANTARA) - Desa Genilangit&nbsp; di Kecamatan Poncol, Kabupaten Magetan, Jawa Timur, berhasil menjadi finalis pada ajang Desa Wisata Awards&nbsp;2021 yang digelar Kementerian Pariwisata dan Ekonomi Kreatif (Kemenparekraf) bersama BCA.\",\"writer\":\"Tatang Herbal\",\"created_at\":\"2023-01-15 13:57:03\",\"updated_at\":\"2023-01-15 13:57:03\"}}',NULL,'2023-01-15 13:57:03','2023-01-15 13:57:03'),(52,'Berita','Berita has been created',NULL,NULL,NULL,1,'Uasoft\\Badaso\\Models\\User','{\"attributes\":{\"id\":4,\"title\":\"test\",\"images\":\"http:\\/\\/localhost\\/storage\\/photos\\/shares\\/profile2.png\",\"caption\":\"oke oke oke oke oke oke oke oke oke oke oke oke oke oke oke oke oke oke oke oke oke oke oke oke oke oke oke oke oke oke oke oke oke oke oke oke oke oke oke oke oke oke oke oke oke oke oke oke oke oke oke oke oke oke oke oke oke oke oke oke oke oke oke oke oke oke oke oke oke oke oke oke oke oke oke oke oke oke oke oke oke oke oke oke oke oke oke oke oke oke oke oke oke oke oke oke oke oke oke oke oke oke oke oke oke oke oke oke oke oke oke oke oke oke oke oke oke oke oke oke oke oke oke oke oke oke oke oke oke oke oke oke oke oke oke oke oke oke oke oke oke oke oke oke oke oke oke oke oke oke oke oke oke oke oke oke oke oke oke oke oke oke oke oke oke oke oke oke oke oke oke oke oke oke oke oke oke oke oke oke oke oke oke oke oke oke oke oke oke oke oke oke\",\"writer\":\"oke\",\"created_at\":\"2023-01-15 14:00:16\",\"updated_at\":\"2023-01-15 14:00:16\"}}',NULL,'2023-01-15 14:00:16','2023-01-15 14:00:16'),(53,'Authentication','Login has been success',NULL,NULL,NULL,1,'Uasoft\\Badaso\\Models\\User','{\"attributes\":{\"id\":1,\"name\":\"Copy\",\"username\":\"admin\",\"email\":\"admin@mail.com\",\"additional_info\":null,\"avatar\":\"photos\\/shares\\/default-user.png\",\"phone\":null,\"email_verified_at\":\"2023-01-14T17:53:38.000000Z\",\"created_at\":\"2023-01-14T17:53:38.000000Z\",\"updated_at\":\"2023-01-14T17:53:38.000000Z\"}}',NULL,'2023-01-16 15:09:18','2023-01-16 15:09:18'),(54,'Database','Add table content has been created',NULL,NULL,'created',1,'Uasoft\\Badaso\\Models\\User','{\"attributes\":{\"table\":\"content\",\"rows\":[{\"id\":\"id\",\"field_name\":\"id\",\"field_type\":\"bigint\",\"field_length\":null,\"field_null\":false,\"field_attribute\":true,\"field_increment\":true,\"field_index\":\"primary\",\"field_default\":null,\"undeletable\":true},{\"id\":\"afff084b-9acc-4d4a-8163-b79da40e24b0\",\"field_name\":\"title\",\"field_type\":\"varchar\",\"field_length\":\"255\",\"field_null\":false,\"field_attribute\":false,\"field_increment\":false,\"field_index\":null,\"field_default\":null},{\"id\":\"142e12ea-26b1-4bd9-910b-561f7b25bdc0\",\"field_name\":\"caption\",\"field_type\":\"text\",\"field_length\":null,\"field_null\":false,\"field_attribute\":false,\"field_increment\":false,\"field_index\":null,\"field_default\":null},{\"id\":\"63e75327-c636-4611-a620-b45df0d499a5\",\"field_name\":\"images\",\"field_type\":\"varchar\",\"field_length\":\"255\",\"field_null\":false,\"field_attribute\":false,\"field_increment\":false,\"field_index\":null,\"field_default\":null},{\"id\":\"6c9d5119-23df-4b82-b6ad-dca7df1a2b5d\",\"field_name\":\"section\",\"field_type\":\"varchar\",\"field_length\":\"100\",\"field_null\":false,\"field_attribute\":false,\"field_increment\":false,\"field_index\":null,\"field_default\":null},{\"id\":\"b8f5560e-6814-48cd-876e-968eec144c78\",\"field_name\":\"link\",\"field_type\":\"varchar\",\"field_length\":\"255\",\"field_null\":true,\"field_attribute\":false,\"field_increment\":false,\"field_index\":null,\"field_default\":null},{\"field_name\":\"created_at\",\"field_type\":\"timestamp\",\"field_length\":null,\"field_null\":true,\"field_attribute\":false,\"field_increment\":false,\"field_index\":null,\"field_default\":null,\"undeletable\":true,\"indexes\":true},{\"field_name\":\"updated_at\",\"field_type\":\"timestamp\",\"field_length\":null,\"field_null\":true,\"field_attribute\":false,\"field_increment\":false,\"field_index\":null,\"field_default\":null,\"undeletable\":true}],\"relations\":[]}}',NULL,'2023-01-16 15:10:55','2023-01-16 15:10:55'),(55,'Database','Add table destination has been created',NULL,NULL,'created',1,'Uasoft\\Badaso\\Models\\User','{\"attributes\":{\"table\":\"destination\",\"rows\":[{\"id\":\"id\",\"field_name\":\"id\",\"field_type\":\"bigint\",\"field_length\":null,\"field_null\":false,\"field_attribute\":true,\"field_increment\":true,\"field_index\":\"primary\",\"field_default\":null,\"undeletable\":true},{\"id\":\"55481146-32a5-44b7-a994-1c9cbca90043\",\"field_name\":\"title\",\"field_type\":\"varchar\",\"field_length\":\"255\",\"field_null\":false,\"field_attribute\":false,\"field_increment\":false,\"field_index\":null,\"field_default\":null},{\"id\":\"2de72514-e85b-4850-9588-795784d2f8c5\",\"field_name\":\"images\",\"field_type\":\"varchar\",\"field_length\":\"255\",\"field_null\":false,\"field_attribute\":false,\"field_increment\":false,\"field_index\":null,\"field_default\":null},{\"field_name\":\"created_at\",\"field_type\":\"timestamp\",\"field_length\":null,\"field_null\":true,\"field_attribute\":false,\"field_increment\":false,\"field_index\":null,\"field_default\":null,\"undeletable\":true,\"indexes\":true},{\"field_name\":\"updated_at\",\"field_type\":\"timestamp\",\"field_length\":null,\"field_null\":true,\"field_attribute\":false,\"field_increment\":false,\"field_index\":null,\"field_default\":null,\"undeletable\":true}],\"relations\":[]}}',NULL,'2023-01-16 15:18:51','2023-01-16 15:18:51'),(56,'Database','Add table gallery has been created',NULL,NULL,'created',1,'Uasoft\\Badaso\\Models\\User','{\"attributes\":{\"table\":\"gallery\",\"rows\":[{\"id\":\"id\",\"field_name\":\"id\",\"field_type\":\"bigint\",\"field_length\":null,\"field_null\":false,\"field_attribute\":true,\"field_increment\":true,\"field_index\":\"primary\",\"field_default\":null,\"undeletable\":true},{\"id\":\"34f7a80f-f646-400f-800a-00a2591f66ae\",\"field_name\":\"title\",\"field_type\":\"varchar\",\"field_length\":\"255\",\"field_null\":false,\"field_attribute\":false,\"field_increment\":false,\"field_index\":null,\"field_default\":null},{\"id\":\"72f4c8ff-7f7c-405b-8d07-3a73c189251a\",\"field_name\":\"caption\",\"field_type\":\"text\",\"field_length\":null,\"field_null\":false,\"field_attribute\":false,\"field_increment\":false,\"field_index\":null,\"field_default\":null},{\"id\":\"29cff95c-ce44-496a-9ad8-d243591c6634\",\"field_name\":\"images\",\"field_type\":\"varchar\",\"field_length\":\"255\",\"field_null\":false,\"field_attribute\":false,\"field_increment\":false,\"field_index\":null,\"field_default\":null},{\"id\":\"6e8d4dcc-66a7-422f-b0bd-017d1c3b6903\",\"field_name\":\"videos\",\"field_type\":\"text\",\"field_length\":null,\"field_null\":false,\"field_attribute\":false,\"field_increment\":false,\"field_index\":null,\"field_default\":null},{\"id\":\"1d57538f-3385-4e5c-81d9-70c806f98957\",\"field_name\":\"type\",\"field_type\":\"enum\",\"field_length\":\"2\",\"field_null\":false,\"field_attribute\":false,\"field_increment\":false,\"field_index\":null,\"field_default\":null},{\"field_name\":\"created_at\",\"field_type\":\"timestamp\",\"field_length\":null,\"field_null\":true,\"field_attribute\":false,\"field_increment\":false,\"field_index\":null,\"field_default\":null,\"undeletable\":true,\"indexes\":true},{\"field_name\":\"updated_at\",\"field_type\":\"timestamp\",\"field_length\":null,\"field_null\":true,\"field_attribute\":false,\"field_increment\":false,\"field_index\":null,\"field_default\":null,\"undeletable\":true}],\"relations\":[]}}',NULL,'2023-01-16 15:25:04','2023-01-16 15:25:04'),(57,'CRUD','CRUD table content has been created',5,'Uasoft\\Badaso\\Models\\DataType','created',1,'Uasoft\\Badaso\\Models\\User','{\"attributes\":{\"name\":\"content\",\"slug\":\"content\",\"display_name_singular\":\"Konten\",\"display_name_plural\":\"Konten\",\"icon\":null,\"model_name\":null,\"policy_name\":null,\"controller\":null,\"order_column\":null,\"order_display_column\":null,\"order_direction\":null,\"generate_permissions\":true,\"server_side\":false,\"description\":null,\"details\":null,\"notification\":\"[]\",\"is_soft_delete\":false,\"updated_at\":\"2023-01-16T15:30:48.000000Z\",\"created_at\":\"2023-01-16T15:30:48.000000Z\",\"id\":5,\"data_rows\":[{\"data_type_id\":5,\"field\":\"id\",\"type\":\"number\",\"display_name\":\"Id\",\"required\":true,\"browse\":true,\"read\":true,\"edit\":false,\"add\":false,\"delete\":false,\"details\":\"{}\",\"order\":1,\"id\":53},{\"data_type_id\":5,\"field\":\"title\",\"type\":\"text\",\"display_name\":\"Title\",\"required\":true,\"browse\":true,\"read\":true,\"edit\":true,\"add\":true,\"delete\":true,\"details\":\"{}\",\"order\":2,\"id\":54},{\"data_type_id\":5,\"field\":\"caption\",\"type\":\"textarea\",\"display_name\":\"Caption\",\"required\":true,\"browse\":true,\"read\":true,\"edit\":true,\"add\":true,\"delete\":true,\"details\":\"{}\",\"order\":3,\"id\":55},{\"data_type_id\":5,\"field\":\"images\",\"type\":\"upload_image\",\"display_name\":\"Images\",\"required\":true,\"browse\":true,\"read\":true,\"edit\":true,\"add\":true,\"delete\":true,\"details\":\"{}\",\"order\":4,\"id\":56},{\"data_type_id\":5,\"field\":\"section\",\"type\":\"text\",\"display_name\":\"Section\",\"required\":true,\"browse\":true,\"read\":true,\"edit\":true,\"add\":true,\"delete\":true,\"details\":\"{}\",\"order\":5,\"id\":57},{\"data_type_id\":5,\"field\":\"link\",\"type\":\"url\",\"display_name\":\"Link\",\"required\":false,\"browse\":true,\"read\":true,\"edit\":true,\"add\":true,\"delete\":true,\"details\":\"{}\",\"order\":6,\"id\":58},{\"data_type_id\":5,\"field\":\"created_at\",\"type\":\"datetime\",\"display_name\":\"Created At\",\"required\":false,\"browse\":true,\"read\":true,\"edit\":false,\"add\":false,\"delete\":false,\"details\":\"{}\",\"order\":7,\"id\":59},{\"data_type_id\":5,\"field\":\"updated_at\",\"type\":\"datetime\",\"display_name\":\"Updated At\",\"required\":false,\"browse\":true,\"read\":true,\"edit\":false,\"add\":false,\"delete\":false,\"details\":\"{}\",\"order\":8,\"id\":60}]}}',NULL,'2023-01-16 15:30:49','2023-01-16 15:30:49'),(58,'Database','Edit table gallery has been updated',NULL,NULL,'updated',1,'Uasoft\\Badaso\\Models\\User','{\"old\":[\"gallery\",[{\"id\":\"3d24ea16-df73-409f-9179-9490b37aa3f1\",\"field_name\":\"id\",\"field_type\":\"bigint\",\"field_length\":null,\"field_null\":false,\"field_attribute\":true,\"field_increment\":true,\"field_index\":\"primary\",\"field_default\":null},{\"id\":\"80198f18-715f-44d6-be77-05f667255a0e\",\"field_name\":\"title\",\"field_type\":\"varchar\",\"field_length\":255,\"field_null\":false,\"field_attribute\":false,\"field_increment\":false,\"field_index\":null,\"field_default\":null},{\"id\":\"0c29b678-e35c-4c27-aea9-b9c8bf91fda3\",\"field_name\":\"caption\",\"field_type\":\"text\",\"field_length\":65535,\"field_null\":false,\"field_attribute\":false,\"field_increment\":false,\"field_index\":null,\"field_default\":null},{\"id\":\"02baa84b-e3a6-4005-aee8-6205cd8ce608\",\"field_name\":\"images\",\"field_type\":\"varchar\",\"field_length\":255,\"field_null\":false,\"field_attribute\":false,\"field_increment\":false,\"field_index\":null,\"field_default\":null},{\"id\":\"ec9ba780-e0ad-4c8a-ad2a-5f307cb7de8a\",\"field_name\":\"videos\",\"field_type\":\"text\",\"field_length\":65535,\"field_null\":false,\"field_attribute\":false,\"field_increment\":false,\"field_index\":null,\"field_default\":null},{\"id\":\"9b3b2c43-373f-4d19-8915-7481f7324fcb\",\"field_name\":\"type\",\"field_type\":\"enum\",\"field_length\":\"2\",\"field_null\":false,\"field_attribute\":false,\"field_increment\":false,\"field_index\":null,\"field_default\":null},{\"id\":\"fb4ad5b0-954d-4863-bbde-dbb053501281\",\"field_name\":\"created_at\",\"field_type\":\"timestamp\",\"field_length\":null,\"field_null\":true,\"field_attribute\":false,\"field_increment\":false,\"field_index\":null,\"field_default\":null},{\"id\":\"f8f4e359-5319-444e-84ed-85c8e0c049c9\",\"field_name\":\"updated_at\",\"field_type\":\"timestamp\",\"field_length\":null,\"field_null\":true,\"field_attribute\":false,\"field_increment\":false,\"field_index\":null,\"field_default\":null}],[]],\"new\":[\"gallery\",[{\"id\":\"3d24ea16-df73-409f-9179-9490b37aa3f1\",\"field_name\":\"id\",\"field_type\":\"bigint\",\"field_length\":null,\"field_null\":false,\"field_attribute\":true,\"field_increment\":true,\"field_index\":\"primary\",\"field_default\":null,\"modify_type\":[],\"undeletable\":true,\"indexes\":false},{\"id\":\"80198f18-715f-44d6-be77-05f667255a0e\",\"field_name\":\"title\",\"field_type\":\"varchar\",\"field_length\":255,\"field_null\":false,\"field_attribute\":false,\"field_increment\":false,\"field_index\":null,\"field_default\":null,\"modify_type\":[],\"undeletable\":false,\"indexes\":false},{\"id\":\"0c29b678-e35c-4c27-aea9-b9c8bf91fda3\",\"field_name\":\"caption\",\"field_type\":\"text\",\"field_length\":65535,\"field_null\":false,\"field_attribute\":false,\"field_increment\":false,\"field_index\":null,\"field_default\":null,\"modify_type\":[],\"undeletable\":false,\"indexes\":false},{\"id\":\"02baa84b-e3a6-4005-aee8-6205cd8ce608\",\"field_name\":\"images\",\"field_type\":\"varchar\",\"field_length\":255,\"field_null\":false,\"field_attribute\":false,\"field_increment\":false,\"field_index\":null,\"field_default\":null,\"modify_type\":[],\"undeletable\":false,\"indexes\":false},{\"id\":\"ec9ba780-e0ad-4c8a-ad2a-5f307cb7de8a\",\"field_name\":\"videos\",\"field_type\":\"text\",\"field_length\":65535,\"field_null\":false,\"field_attribute\":false,\"field_increment\":false,\"field_index\":null,\"field_default\":null,\"modify_type\":[],\"undeletable\":false,\"indexes\":false},{\"id\":\"9b3b2c43-373f-4d19-8915-7481f7324fcb\",\"field_name\":\"type\",\"field_type\":\"enum\",\"field_length\":\"foto,video\",\"field_null\":false,\"field_attribute\":false,\"field_increment\":false,\"field_index\":null,\"field_default\":null,\"modify_type\":[\"UPDATE_LENGTH\"],\"undeletable\":false,\"indexes\":false},{\"id\":\"fb4ad5b0-954d-4863-bbde-dbb053501281\",\"field_name\":\"created_at\",\"field_type\":\"timestamp\",\"field_length\":null,\"field_null\":true,\"field_attribute\":false,\"field_increment\":false,\"field_index\":null,\"field_default\":null,\"modify_type\":[],\"undeletable\":true,\"indexes\":true},{\"id\":\"f8f4e359-5319-444e-84ed-85c8e0c049c9\",\"field_name\":\"updated_at\",\"field_type\":\"timestamp\",\"field_length\":null,\"field_null\":true,\"field_attribute\":false,\"field_increment\":false,\"field_index\":null,\"field_default\":null,\"modify_type\":[],\"undeletable\":true,\"indexes\":false}],[]]}',NULL,'2023-01-16 15:39:16','2023-01-16 15:39:16'),(59,'CRUD','CRUD table gallery has been created',6,'Uasoft\\Badaso\\Models\\DataType','created',1,'Uasoft\\Badaso\\Models\\User','{\"attributes\":{\"name\":\"gallery\",\"slug\":\"gallery\",\"display_name_singular\":\"Galeri\",\"display_name_plural\":\"Galeri\",\"icon\":null,\"model_name\":null,\"policy_name\":null,\"controller\":null,\"order_column\":null,\"order_display_column\":null,\"order_direction\":null,\"generate_permissions\":true,\"server_side\":false,\"description\":null,\"details\":null,\"notification\":\"[]\",\"is_soft_delete\":false,\"updated_at\":\"2023-01-16T15:39:58.000000Z\",\"created_at\":\"2023-01-16T15:39:58.000000Z\",\"id\":6,\"data_rows\":[{\"data_type_id\":6,\"field\":\"id\",\"type\":\"number\",\"display_name\":\"Id\",\"required\":true,\"browse\":true,\"read\":true,\"edit\":false,\"add\":false,\"delete\":false,\"details\":\"{}\",\"order\":1,\"id\":61},{\"data_type_id\":6,\"field\":\"title\",\"type\":\"text\",\"display_name\":\"Title\",\"required\":true,\"browse\":true,\"read\":true,\"edit\":true,\"add\":true,\"delete\":true,\"details\":\"{}\",\"order\":2,\"id\":62},{\"data_type_id\":6,\"field\":\"caption\",\"type\":\"textarea\",\"display_name\":\"Caption\",\"required\":true,\"browse\":true,\"read\":true,\"edit\":true,\"add\":true,\"delete\":true,\"details\":\"{}\",\"order\":3,\"id\":63},{\"data_type_id\":6,\"field\":\"images\",\"type\":\"upload_image\",\"display_name\":\"Images\",\"required\":true,\"browse\":true,\"read\":true,\"edit\":true,\"add\":true,\"delete\":true,\"details\":\"{}\",\"order\":4,\"id\":64},{\"data_type_id\":6,\"field\":\"videos\",\"type\":\"url\",\"display_name\":\"Videos\",\"required\":true,\"browse\":true,\"read\":true,\"edit\":true,\"add\":true,\"delete\":true,\"details\":\"{}\",\"order\":5,\"id\":65},{\"data_type_id\":6,\"field\":\"type\",\"type\":\"select\",\"display_name\":\"Type\",\"required\":true,\"browse\":true,\"read\":true,\"edit\":true,\"add\":true,\"delete\":true,\"details\":\"{}\",\"order\":6,\"id\":66},{\"data_type_id\":6,\"field\":\"created_at\",\"type\":\"datetime\",\"display_name\":\"Created At\",\"required\":false,\"browse\":true,\"read\":true,\"edit\":false,\"add\":false,\"delete\":false,\"details\":\"{}\",\"order\":7,\"id\":67},{\"data_type_id\":6,\"field\":\"updated_at\",\"type\":\"datetime\",\"display_name\":\"Updated At\",\"required\":false,\"browse\":true,\"read\":true,\"edit\":false,\"add\":false,\"delete\":false,\"details\":\"{}\",\"order\":8,\"id\":68}]}}',NULL,'2023-01-16 15:39:58','2023-01-16 15:39:58'),(60,'CRUD','CRUD table destination has been created',7,'Uasoft\\Badaso\\Models\\DataType','created',1,'Uasoft\\Badaso\\Models\\User','{\"attributes\":{\"name\":\"destination\",\"slug\":\"destination\",\"display_name_singular\":\"Destinasi\",\"display_name_plural\":\"Destinasi\",\"icon\":null,\"model_name\":null,\"policy_name\":null,\"controller\":null,\"order_column\":null,\"order_display_column\":null,\"order_direction\":null,\"generate_permissions\":true,\"server_side\":false,\"description\":null,\"details\":null,\"notification\":\"[]\",\"is_soft_delete\":false,\"updated_at\":\"2023-01-16T15:40:30.000000Z\",\"created_at\":\"2023-01-16T15:40:30.000000Z\",\"id\":7,\"data_rows\":[{\"data_type_id\":7,\"field\":\"id\",\"type\":\"number\",\"display_name\":\"Id\",\"required\":true,\"browse\":true,\"read\":true,\"edit\":false,\"add\":false,\"delete\":false,\"details\":\"{}\",\"order\":1,\"id\":69},{\"data_type_id\":7,\"field\":\"title\",\"type\":\"text\",\"display_name\":\"Title\",\"required\":true,\"browse\":true,\"read\":true,\"edit\":true,\"add\":true,\"delete\":true,\"details\":\"{}\",\"order\":2,\"id\":70},{\"data_type_id\":7,\"field\":\"images\",\"type\":\"upload_image\",\"display_name\":\"Images\",\"required\":true,\"browse\":true,\"read\":true,\"edit\":true,\"add\":true,\"delete\":true,\"details\":\"{}\",\"order\":3,\"id\":71},{\"data_type_id\":7,\"field\":\"created_at\",\"type\":\"datetime\",\"display_name\":\"Created At\",\"required\":false,\"browse\":true,\"read\":true,\"edit\":false,\"add\":false,\"delete\":false,\"details\":\"{}\",\"order\":4,\"id\":72},{\"data_type_id\":7,\"field\":\"updated_at\",\"type\":\"datetime\",\"display_name\":\"Updated At\",\"required\":false,\"browse\":true,\"read\":true,\"edit\":false,\"add\":false,\"delete\":false,\"details\":\"{}\",\"order\":5,\"id\":73}]}}',NULL,'2023-01-16 15:40:30','2023-01-16 15:40:30'),(61,'Konten','Konten has been created',NULL,NULL,NULL,1,'Uasoft\\Badaso\\Models\\User','{\"attributes\":{\"id\":1,\"title\":\"Desa Genilangit\",\"caption\":\"Dusun Wonomulyo, Kecamatan Poncol, Kabupaten Magetan, Jawa Timur\",\"images\":\"http:\\/\\/localhost\\/storage\\/photos\\/shares\\/imagebg (2).png\",\"section\":\"top-banner\",\"link\":\"-\",\"created_at\":\"2023-01-16 15:42:51\",\"updated_at\":\"2023-01-16 15:42:51\"}}',NULL,'2023-01-16 15:42:51','2023-01-16 15:42:51'),(62,'Konten','Konten has been created',NULL,NULL,NULL,1,'Uasoft\\Badaso\\Models\\User','{\"attributes\":{\"id\":2,\"title\":\"Profile Desa\",\"caption\":\"Sejarah Desa Genilangit\",\"images\":\"http:\\/\\/localhost\\/storage\\/photos\\/shares\\/logo (1).png\",\"section\":\"feature\",\"link\":\"http:\\/\\/localhost\\/profile\",\"created_at\":\"2023-01-16 15:44:22\",\"updated_at\":\"2023-01-16 15:44:22\"}}',NULL,'2023-01-16 15:44:22','2023-01-16 15:44:22'),(63,'Konten','Konten has been created',NULL,NULL,NULL,1,'Uasoft\\Badaso\\Models\\User','{\"attributes\":{\"id\":3,\"title\":\"Pemerintahan Desa\",\"caption\":\"Struktur Organisasi dan Tata Kerja Pemerintah Desa Genilangit\",\"images\":\"http:\\/\\/localhost\\/storage\\/photos\\/shares\\/logo (1).png\",\"section\":\"feature\",\"link\":\"http:\\/\\/localhost\",\"created_at\":\"2023-01-16 15:45:29\",\"updated_at\":\"2023-01-16 15:45:29\"}}',NULL,'2023-01-16 15:45:29','2023-01-16 15:45:29'),(64,'Konten','Konten has been created',NULL,NULL,NULL,1,'Uasoft\\Badaso\\Models\\User','{\"attributes\":{\"id\":4,\"title\":\"Visi & Misi\",\"caption\":\"Visi & Misi Pemerintah Desa Genilangit\",\"images\":\"http:\\/\\/localhost\\/storage\\/photos\\/shares\\/logo (1).png\",\"section\":\"feature\",\"link\":\"http:\\/\\/localhost\\/visimisi\",\"created_at\":\"2023-01-16 15:46:32\",\"updated_at\":\"2023-01-16 15:46:32\"}}',NULL,'2023-01-16 15:46:32','2023-01-16 15:46:32'),(65,'CRUD','CRUD table content has been updated',5,'Uasoft\\Badaso\\Models\\DataType','updated',1,'Uasoft\\Badaso\\Models\\User','{\"old\":{\"id\":5,\"name\":\"content\",\"slug\":\"content\",\"display_name_singular\":\"Konten\",\"display_name_plural\":\"Konten\",\"icon\":null,\"model_name\":null,\"policy_name\":null,\"controller\":null,\"order_column\":null,\"order_display_column\":null,\"order_direction\":null,\"generate_permissions\":true,\"server_side\":false,\"is_maintenance\":0,\"description\":null,\"details\":null,\"notification\":\"[]\",\"is_soft_delete\":false,\"created_at\":\"2023-01-16T15:30:48.000000Z\",\"updated_at\":\"2023-01-16T15:47:09.000000Z\",\"data_rows\":[{\"id\":74,\"data_type_id\":5,\"field\":\"id\",\"type\":\"number\",\"display_name\":\"Id\",\"required\":1,\"browse\":1,\"read\":1,\"edit\":0,\"add\":0,\"delete\":0,\"details\":\"{}\",\"relation\":null,\"order\":1},{\"id\":75,\"data_type_id\":5,\"field\":\"title\",\"type\":\"text\",\"display_name\":\"Title\",\"required\":1,\"browse\":1,\"read\":1,\"edit\":1,\"add\":1,\"delete\":1,\"details\":\"{}\",\"relation\":null,\"order\":2},{\"id\":76,\"data_type_id\":5,\"field\":\"caption\",\"type\":\"textarea\",\"display_name\":\"Caption\",\"required\":1,\"browse\":1,\"read\":1,\"edit\":1,\"add\":1,\"delete\":1,\"details\":\"{}\",\"relation\":null,\"order\":3},{\"id\":77,\"data_type_id\":5,\"field\":\"images\",\"type\":\"upload_image\",\"display_name\":\"Images\",\"required\":1,\"browse\":1,\"read\":1,\"edit\":1,\"add\":1,\"delete\":1,\"details\":\"{}\",\"relation\":null,\"order\":4},{\"id\":78,\"data_type_id\":5,\"field\":\"section\",\"type\":\"text\",\"display_name\":\"Section\",\"required\":1,\"browse\":1,\"read\":1,\"edit\":0,\"add\":1,\"delete\":0,\"details\":\"{}\",\"relation\":null,\"order\":5},{\"id\":79,\"data_type_id\":5,\"field\":\"link\",\"type\":\"url\",\"display_name\":\"Link\",\"required\":0,\"browse\":1,\"read\":1,\"edit\":1,\"add\":1,\"delete\":1,\"details\":\"{}\",\"relation\":null,\"order\":6},{\"id\":80,\"data_type_id\":5,\"field\":\"created_at\",\"type\":\"datetime\",\"display_name\":\"Created At\",\"required\":0,\"browse\":1,\"read\":1,\"edit\":0,\"add\":0,\"delete\":0,\"details\":\"{}\",\"relation\":null,\"order\":7},{\"id\":81,\"data_type_id\":5,\"field\":\"updated_at\",\"type\":\"datetime\",\"display_name\":\"Updated At\",\"required\":0,\"browse\":1,\"read\":1,\"edit\":0,\"add\":0,\"delete\":0,\"details\":\"{}\",\"relation\":null,\"order\":8}]},\"new\":{\"id\":5,\"name\":\"content\",\"slug\":\"content\",\"displayNameSingular\":\"Konten\",\"displayNamePlural\":\"Konten\",\"icon\":null,\"modelName\":null,\"policyName\":null,\"controller\":null,\"orderColumn\":null,\"orderDisplayColumn\":null,\"orderDirection\":null,\"generatePermissions\":true,\"serverSide\":false,\"isMaintenance\":0,\"description\":null,\"details\":null,\"notification\":[],\"isSoftDelete\":0,\"createdAt\":\"2023-01-16T15:30:48.000000Z\",\"updatedAt\":\"2023-01-16T15:30:48.000000Z\",\"dataRows\":[{\"id\":53,\"dataTypeId\":5,\"field\":\"id\",\"type\":\"number\",\"displayName\":\"Id\",\"required\":1,\"browse\":1,\"read\":1,\"edit\":0,\"add\":0,\"delete\":0,\"details\":\"{}\",\"relation\":null,\"order\":1},{\"id\":54,\"dataTypeId\":5,\"field\":\"title\",\"type\":\"text\",\"displayName\":\"Title\",\"required\":1,\"browse\":1,\"read\":1,\"edit\":1,\"add\":1,\"delete\":1,\"details\":\"{}\",\"relation\":null,\"order\":2},{\"id\":55,\"dataTypeId\":5,\"field\":\"caption\",\"type\":\"textarea\",\"displayName\":\"Caption\",\"required\":1,\"browse\":1,\"read\":1,\"edit\":1,\"add\":1,\"delete\":1,\"details\":\"{}\",\"relation\":null,\"order\":3},{\"id\":56,\"dataTypeId\":5,\"field\":\"images\",\"type\":\"upload_image\",\"displayName\":\"Images\",\"required\":1,\"browse\":1,\"read\":1,\"edit\":1,\"add\":1,\"delete\":1,\"details\":\"{}\",\"relation\":null,\"order\":4},{\"id\":57,\"dataTypeId\":5,\"field\":\"section\",\"type\":\"text\",\"displayName\":\"Section\",\"required\":1,\"browse\":1,\"read\":1,\"edit\":1,\"add\":1,\"delete\":1,\"details\":\"{}\",\"relation\":null,\"order\":5},{\"id\":58,\"dataTypeId\":5,\"field\":\"link\",\"type\":\"url\",\"displayName\":\"Link\",\"required\":0,\"browse\":1,\"read\":1,\"edit\":1,\"add\":1,\"delete\":1,\"details\":\"{}\",\"relation\":null,\"order\":6},{\"id\":59,\"dataTypeId\":5,\"field\":\"created_at\",\"type\":\"datetime\",\"displayName\":\"Created At\",\"required\":0,\"browse\":1,\"read\":1,\"edit\":0,\"add\":0,\"delete\":0,\"details\":\"{}\",\"relation\":null,\"order\":7},{\"id\":60,\"dataTypeId\":5,\"field\":\"updated_at\",\"type\":\"datetime\",\"displayName\":\"Updated At\",\"required\":0,\"browse\":1,\"read\":1,\"edit\":0,\"add\":0,\"delete\":0,\"details\":\"{}\",\"relation\":null,\"order\":8}],\"createSoftDelete\":false,\"rows\":[{\"label\":\"id\",\"value\":\"id\",\"field\":\"id\",\"type\":\"number\",\"display_name\":\"Id\",\"required\":true,\"browse\":true,\"read\":true,\"edit\":false,\"add\":false,\"delete\":false,\"details\":\"{}\",\"relation_type\":null,\"destination_table\":null,\"destination_table_column\":null,\"destination_table_display_column\":null,\"destination_table_display_more_column\":null,\"order\":1,\"set_relation\":false},{\"label\":\"title\",\"value\":\"title\",\"field\":\"title\",\"type\":\"text\",\"display_name\":\"Title\",\"required\":true,\"browse\":true,\"read\":true,\"edit\":true,\"add\":true,\"delete\":true,\"details\":\"{}\",\"relation_type\":null,\"destination_table\":null,\"destination_table_column\":null,\"destination_table_display_column\":null,\"destination_table_display_more_column\":null,\"order\":2,\"set_relation\":false},{\"label\":\"caption\",\"value\":\"caption\",\"field\":\"caption\",\"type\":\"textarea\",\"display_name\":\"Caption\",\"required\":true,\"browse\":true,\"read\":true,\"edit\":true,\"add\":true,\"delete\":true,\"details\":\"{}\",\"relation_type\":null,\"destination_table\":null,\"destination_table_column\":null,\"destination_table_display_column\":null,\"destination_table_display_more_column\":null,\"order\":3,\"set_relation\":false},{\"label\":\"images\",\"value\":\"images\",\"field\":\"images\",\"type\":\"upload_image\",\"display_name\":\"Images\",\"required\":true,\"browse\":true,\"read\":true,\"edit\":true,\"add\":true,\"delete\":true,\"details\":\"{}\",\"relation_type\":null,\"destination_table\":null,\"destination_table_column\":null,\"destination_table_display_column\":null,\"destination_table_display_more_column\":null,\"order\":4,\"set_relation\":false},{\"label\":\"section\",\"value\":\"section\",\"field\":\"section\",\"type\":\"text\",\"display_name\":\"Section\",\"required\":true,\"browse\":true,\"read\":true,\"edit\":false,\"add\":true,\"delete\":false,\"details\":\"{}\",\"relation_type\":null,\"destination_table\":null,\"destination_table_column\":null,\"destination_table_display_column\":null,\"destination_table_display_more_column\":null,\"order\":5,\"set_relation\":false},{\"label\":\"link\",\"value\":\"link\",\"field\":\"link\",\"type\":\"url\",\"display_name\":\"Link\",\"required\":false,\"browse\":true,\"read\":true,\"edit\":true,\"add\":true,\"delete\":true,\"details\":\"{}\",\"relation_type\":null,\"destination_table\":null,\"destination_table_column\":null,\"destination_table_display_column\":null,\"destination_table_display_more_column\":null,\"order\":6,\"set_relation\":false},{\"label\":\"created_at\",\"value\":\"created_at\",\"field\":\"created_at\",\"type\":\"datetime\",\"display_name\":\"Created At\",\"required\":false,\"browse\":true,\"read\":true,\"edit\":false,\"add\":false,\"delete\":false,\"details\":\"{}\",\"relation_type\":null,\"destination_table\":null,\"destination_table_column\":null,\"destination_table_display_column\":null,\"destination_table_display_more_column\":null,\"order\":7,\"set_relation\":false},{\"label\":\"updated_at\",\"value\":\"updated_at\",\"field\":\"updated_at\",\"type\":\"datetime\",\"display_name\":\"Updated At\",\"required\":false,\"browse\":true,\"read\":true,\"edit\":false,\"add\":false,\"delete\":false,\"details\":\"{}\",\"relation_type\":null,\"destination_table\":null,\"destination_table_column\":null,\"destination_table_display_column\":null,\"destination_table_display_more_column\":null,\"order\":8,\"set_relation\":false}],\"display_name_singular\":\"Konten\",\"display_name_plural\":\"Konten\",\"model_name\":null,\"policy_name\":null,\"order_column\":null,\"order_display_column\":null,\"order_direction\":null,\"generate_permissions\":true,\"server_side\":false,\"is_maintenance\":0,\"is_soft_delete\":0,\"created_at\":\"2023-01-16T15:30:48.000000Z\",\"updated_at\":\"2023-01-16T15:30:48.000000Z\",\"data_rows\":[{\"id\":53,\"data_type_id\":5,\"field\":\"id\",\"type\":\"number\",\"display_name\":\"Id\",\"required\":1,\"browse\":1,\"read\":1,\"edit\":0,\"add\":0,\"delete\":0,\"details\":\"{}\",\"relation\":null,\"order\":1},{\"id\":54,\"data_type_id\":5,\"field\":\"title\",\"type\":\"text\",\"display_name\":\"Title\",\"required\":1,\"browse\":1,\"read\":1,\"edit\":1,\"add\":1,\"delete\":1,\"details\":\"{}\",\"relation\":null,\"order\":2},{\"id\":55,\"data_type_id\":5,\"field\":\"caption\",\"type\":\"textarea\",\"display_name\":\"Caption\",\"required\":1,\"browse\":1,\"read\":1,\"edit\":1,\"add\":1,\"delete\":1,\"details\":\"{}\",\"relation\":null,\"order\":3},{\"id\":56,\"data_type_id\":5,\"field\":\"images\",\"type\":\"upload_image\",\"display_name\":\"Images\",\"required\":1,\"browse\":1,\"read\":1,\"edit\":1,\"add\":1,\"delete\":1,\"details\":\"{}\",\"relation\":null,\"order\":4},{\"id\":57,\"data_type_id\":5,\"field\":\"section\",\"type\":\"text\",\"display_name\":\"Section\",\"required\":1,\"browse\":1,\"read\":1,\"edit\":1,\"add\":1,\"delete\":1,\"details\":\"{}\",\"relation\":null,\"order\":5},{\"id\":58,\"data_type_id\":5,\"field\":\"link\",\"type\":\"url\",\"display_name\":\"Link\",\"required\":0,\"browse\":1,\"read\":1,\"edit\":1,\"add\":1,\"delete\":1,\"details\":\"{}\",\"relation\":null,\"order\":6},{\"id\":59,\"data_type_id\":5,\"field\":\"created_at\",\"type\":\"datetime\",\"display_name\":\"Created At\",\"required\":0,\"browse\":1,\"read\":1,\"edit\":0,\"add\":0,\"delete\":0,\"details\":\"{}\",\"relation\":null,\"order\":7},{\"id\":60,\"data_type_id\":5,\"field\":\"updated_at\",\"type\":\"datetime\",\"display_name\":\"Updated At\",\"required\":0,\"browse\":1,\"read\":1,\"edit\":0,\"add\":0,\"delete\":0,\"details\":\"{}\",\"relation\":null,\"order\":8}],\"create_soft_delete\":false}}',NULL,'2023-01-16 15:47:09','2023-01-16 15:47:09'),(66,'Konten','Konten has been created',NULL,NULL,NULL,1,'Uasoft\\Badaso\\Models\\User','{\"attributes\":{\"id\":5,\"title\":\"Demografi\",\"caption\":\"Data Agama, Pekerjaan & Jenis Kelamin Desa Genilangit\",\"images\":\"http:\\/\\/localhost\\/storage\\/photos\\/shares\\/logo (1).png\",\"section\":\"feature\",\"link\":\"http:\\/\\/localhost\\/demografi\",\"created_at\":\"2023-01-16 15:49:06\",\"updated_at\":\"2023-01-16 15:49:06\"}}',NULL,'2023-01-16 15:49:06','2023-01-16 15:49:06'),(67,'Konten','Konten has been created',NULL,NULL,NULL,1,'Uasoft\\Badaso\\Models\\User','{\"attributes\":{\"id\":6,\"title\":\"Galeri\",\"caption\":\"Dokumentasi Galeri Desa Genilangit\",\"images\":\"http:\\/\\/localhost\\/storage\\/photos\\/shares\\/logo (1).png\",\"section\":\"feature\",\"link\":\"http:\\/\\/localhost\\/galery\",\"created_at\":\"2023-01-16 15:50:25\",\"updated_at\":\"2023-01-16 15:50:25\"}}',NULL,'2023-01-16 15:50:25','2023-01-16 15:50:25'),(68,'Konten','Konten has been created',NULL,NULL,NULL,1,'Uasoft\\Badaso\\Models\\User','{\"attributes\":{\"id\":7,\"title\":\"Kelembagaan\",\"caption\":\"BPD, LPMD, RT RW, PKK, Linmas, Karang Taruna, BUMDes Bulakan Sejahtera\",\"images\":\"http:\\/\\/localhost\\/storage\\/photos\\/shares\\/logo (1).png\",\"section\":\"feature\",\"link\":\"http:\\/\\/localhost\\/kelembagaan\",\"created_at\":\"2023-01-16 15:51:19\",\"updated_at\":\"2023-01-16 15:51:19\"}}',NULL,'2023-01-16 15:51:19','2023-01-16 15:51:19'),(69,'Konten','Konten has been created',NULL,NULL,NULL,1,'Uasoft\\Badaso\\Models\\User','{\"attributes\":{\"id\":8,\"title\":\"Prestasi Kami\",\"caption\":\"Desa Genilangit di Kecamatan Poncol, Kabupaten Magetan, Jawa Timur, berhasil menjadi finalis pada ajang Desa Wisata Awards 2021 yang digelar Kementerian Pariwisata dan Ekonomi Kreatif (Kemenparekraf) bersama BCA.\\n<br\\/>\\nBerdasarkan pernyataan yang dikeluarkan Pemkab Magetan melalui laman resmi pemda setempat, Desa Wisata Genilangit masuk dalam kategori Desa Wisata Berbasis Alam. Proses penjurian rencananya digelar secara virtual atau daring pada tanggal 6-7 Juli 2021.\",\"images\":\"http:\\/\\/localhost\\/storage\\/photos\\/shares\\/prestasi.svg\",\"section\":\"prestasi\",\"link\":\"-\",\"created_at\":\"2023-01-16 15:52:09\",\"updated_at\":\"2023-01-16 15:52:09\"}}',NULL,'2023-01-16 15:52:09','2023-01-16 15:52:09'),(70,'Konten','Konten has been created',NULL,NULL,NULL,1,'Uasoft\\Badaso\\Models\\User','{\"attributes\":{\"id\":9,\"title\":\"Profile\",\"caption\":\"Konon pada zaman dahulu terdapat hamparan hutan rimba, yang dihuni beberapa rumah tangga dengan kehidupan berladang\\/bertani secara berpindah-pindah dan beternak sapi suatu saat masyarakat tersebut menemukan sekelompok orang di Pomahan\\/Bedengan sejumlah 11 orang terdiri dari 2 orang laki-laki dan 9 orang perempuan adapun 2 orang laki-laki tersebut adalah bernama Ki Malangyudho dan seorang cantriknya sedangkan 9 orang perempuan tersebut adalah Nyai Malang Yudho dengan 8 dayang-dayangnya, berdasarkan informasi dari para pinisepuh berasal dari Kraton Tembayat Klaten Jawa Tengah.\\n<br\\/><br\\/>\\nSuatu saat Ki Malang Yudho ngangklang bawono melihat perumahan para anak muridnya kearah Timur sampai di persil 17 d I beliau melihat api sebesar pohon kelapa seolah-olah seperti sampai setinggi langit, lantas beliau bersabda kalau ada ramainya jaman tempat ini dinamakan Genilangit\\n<br\\/><br\\/>\\nSelama bermasyarakat Ki Malang Yudho oleh anggota masyarakat dipercaya sebagai pemimpin desa tersebut, suatu ketika Ki Malang Yudho dengan di ikuti Cantriknya serta anggota masyarakat setempat sudah bermusyawarah berpikir karena pada lokasi yang ditempati tidak ada air, akhir rombongan tersebut berangkat menuju ke Lokasi Trojiwo tidak pernah ditinggalkannya yaitu sebuah teken selalu dibawa kemanapun pergi, disitulah Ki Malang Yudho memperlihatkan kesaktiannya yaitu sebuah teken yang tidak pernah lepas dari tangannya itu diseret yang akhirnya menjadi saluran yang dinamakan Saluran Trojiwo, sebelum airnya mengalir saluran tersebut pernah mengalir jendel\\/lintah melihat kesaktiannya Ki Malang Yudho dijadikan guru karena nasehatnya sangat mengandung arti yang cukup dalam tentang sejatining urip sangat dikenal orang yang lembah manah tapi tidak takut menghadapi bahaya apapun serta tanggung jawab penuh terhadap anak buahnya.\\n<br\\/><br\\/>\\nBeliau sangat tidak senang kepada anak muridnya yang mempunyai sifat takabur\\/sombong, dan juga tidak senang kepada orang yang mempunyai sifat warok, sampai keluar kata-kata barang siapa hidup di desa Genilangit memperlihatkan waroknya pasti tidak akan lama pendek kata tidak krasan akan minggat dari desa ini.\\n<br\\/><br\\/>\\nSambil duduk santai dengan dikerumuni oleh pengikutnya Ki Malang Yudho setiap pembicaraan yang keluar atau didengar selalu mengandung makna, pada saat itu para pengikutnya mendengar He bocah-bocah kabeh mbesuk sak pungkurku ono tlatah kene tak tinggali kunir sak krenjang motoero dan beliau berpesan : 1. Ki Malang Yudho beserta Cantriknya kalau kelak meninggal dunia minta disemayamkan di perbatasan desa Genilangit sebelah Timur, dengan maksud apabila ada mara bahaya dari Timur beliau yang akan menanggulangi. 2. Nyai Malang Yudho yang akrab disebut mbah Putih karena kulitnya putih dengan rambut yang keseluruhan juga putih berserta para dayang-dayangnya sejumlah 8 (delapan) orang, juga minta mohon kelak kalau sudah meninggal dunia mohon untuk disemayamkan di perbatasan desa Genilangit sebelah barat dengan maksud apabila ada mara bahaya dari Barat beliaulah yang akan menahan. 3. Setelah saya meninggal dunia orang yang memimpin kalian namakan LURAH pilihlah orang yang mampu dan mau serta mulat sariro hangroso wani.\",\"images\":\"http:\\/\\/localhost\\/storage\\/photos\\/shares\\/profile2.png\",\"section\":\"profile\",\"link\":\"-\",\"created_at\":\"2023-01-16 16:42:15\",\"updated_at\":\"2023-01-16 16:42:15\"}}',NULL,'2023-01-16 16:42:15','2023-01-16 16:42:15'),(71,'Konten','Konten has been created',NULL,NULL,NULL,1,'Uasoft\\Badaso\\Models\\User','{\"attributes\":{\"id\":10,\"title\":\"VIsi Content\",\"caption\":\"\\u201cTERWUJUDNYA MASYARAKAT DESA GENILANGIT SEJAHTERA YANG BERMARTABAT DAN MANDIRI \\u201d\",\"images\":\"http:\\/\\/localhost\\/storage\\/photos\\/shares\\/logo (1).png\",\"section\":\"visi&misi\",\"link\":\"-\",\"created_at\":\"2023-01-16 16:44:43\",\"updated_at\":\"2023-01-16 16:44:43\"}}',NULL,'2023-01-16 16:44:44','2023-01-16 16:44:44'),(72,'Konten','Konten has been created',NULL,NULL,NULL,1,'Uasoft\\Badaso\\Models\\User','{\"attributes\":{\"id\":11,\"title\":\"Misi Content\",\"caption\":\"-\",\"images\":\"http:\\/\\/localhost\\/storage\\/photos\\/shares\\/logo (1).png\",\"section\":\"visi&misi\",\"link\":\"-\",\"created_at\":\"2023-01-16 16:45:09\",\"updated_at\":\"2023-01-16 16:45:09\"}}',NULL,'2023-01-16 16:45:09','2023-01-16 16:45:09'),(73,'Galeri','Galeri has been created',NULL,NULL,NULL,1,'Uasoft\\Badaso\\Models\\User','{\"attributes\":{\"id\":1,\"title\":\"gallery1\",\"caption\":\"Seluruh warga Dusun Wonomulyo, atas kehadiran Gubernur  Jawa timur Ibu Khofifah beserta Bupati Magetan Bapak Suprawoto dan seluruh rombongan. Wonomulyo sebuah Dusun yang terpencil dan berada di ujung Barat Provinsi Jawa Timur, ternyata sangat diperhatikan Beliau-Beliau. Sungguh kami sangat berterima kasih pada Ibu Gubernur, Bapak Bupati, dan seluruh rombongan yang hadir.\",\"images\":\"http:\\/\\/localhost\\/storage\\/photos\\/shares\\/Screenshot 2023-01-16 at 23.47.02.png\",\"videos\":\"-\",\"type\":\"foto\",\"created_at\":\"2023-01-16 16:52:50\",\"updated_at\":\"2023-01-16 16:52:50\"}}',NULL,'2023-01-16 16:52:50','2023-01-16 16:52:50'),(74,'Galeri','Galeri has been created',NULL,NULL,NULL,1,'Uasoft\\Badaso\\Models\\User','{\"attributes\":{\"id\":2,\"title\":\"galery2\",\"caption\":\"\\u201cTongkling Pringgowulung Wonomulyo\\u201d<br\\/>\\nTongkling merupakan musik tradisional ciri khas Dusun Wonomulyo yang sejarah terbentuknya karena terinspirasi dari kisah babat Ki Hajar Wonokoso di Dusun Wonomulyo.\",\"images\":\"http:\\/\\/localhost\\/storage\\/photos\\/shares\\/Screenshot 2023-01-16 at 23.47.15.png\",\"videos\":\"-\",\"type\":\"foto\",\"created_at\":\"2023-01-16 16:54:14\",\"updated_at\":\"2023-01-16 16:54:14\"}}',NULL,'2023-01-16 16:54:14','2023-01-16 16:54:14'),(75,'Destinasi','Destinasi has been created',NULL,NULL,NULL,1,'Uasoft\\Badaso\\Models\\User','{\"attributes\":{\"id\":1,\"title\":\"Taman Wisata Genilangit\",\"images\":\"http:\\/\\/localhost\\/storage\\/photos\\/shares\\/wisata5.png\",\"created_at\":\"2023-01-16 17:01:53\",\"updated_at\":\"2023-01-16 17:01:53\"}}',NULL,'2023-01-16 17:01:53','2023-01-16 17:01:53'),(76,'Destinasi','Destinasi has been created',NULL,NULL,NULL,1,'Uasoft\\Badaso\\Models\\User','{\"attributes\":{\"id\":2,\"title\":\"Highland Wonomulyo\",\"images\":\"http:\\/\\/localhost\\/storage\\/photos\\/shares\\/wisata4.png\",\"created_at\":\"2023-01-16 17:02:14\",\"updated_at\":\"2023-01-16 17:02:14\"}}',NULL,'2023-01-16 17:02:14','2023-01-16 17:02:14'),(77,'Destinasi','Destinasi has been created',NULL,NULL,NULL,1,'Uasoft\\Badaso\\Models\\User','{\"attributes\":{\"id\":3,\"title\":\"Pendakian Mt.Jobolarangan\",\"images\":\"http:\\/\\/localhost\\/storage\\/photos\\/shares\\/wisata3.png\",\"created_at\":\"2023-01-16 17:02:43\",\"updated_at\":\"2023-01-16 17:02:43\"}}',NULL,'2023-01-16 17:02:43','2023-01-16 17:02:43'),(78,'Destinasi','Destinasi has been created',NULL,NULL,NULL,1,'Uasoft\\Badaso\\Models\\User','{\"attributes\":{\"id\":4,\"title\":\"Genilangit Coffee\",\"images\":\"http:\\/\\/localhost\\/storage\\/photos\\/shares\\/wisata2.png\",\"created_at\":\"2023-01-16 17:03:03\",\"updated_at\":\"2023-01-16 17:03:03\"}}',NULL,'2023-01-16 17:03:03','2023-01-16 17:03:03'),(79,'Destinasi','Destinasi has been created',NULL,NULL,NULL,1,'Uasoft\\Badaso\\Models\\User','{\"attributes\":{\"id\":5,\"title\":\"Camping Ground genilangit\",\"images\":\"http:\\/\\/localhost\\/storage\\/photos\\/shares\\/wisata1.png\",\"created_at\":\"2023-01-16 17:03:21\",\"updated_at\":\"2023-01-16 17:03:21\"}}',NULL,'2023-01-16 17:03:21','2023-01-16 17:03:21'),(80,'Authentication','Login has been success',NULL,NULL,NULL,1,'Uasoft\\Badaso\\Models\\User','{\"attributes\":{\"id\":1,\"name\":\"Copy\",\"username\":\"admin\",\"email\":\"admin@mail.com\",\"additional_info\":null,\"avatar\":\"photos\\/shares\\/default-user.png\",\"phone\":null,\"email_verified_at\":\"2023-01-14T17:53:38.000000Z\",\"created_at\":\"2023-01-14T17:53:38.000000Z\",\"updated_at\":\"2023-01-14T17:53:38.000000Z\"}}',NULL,'2023-01-18 12:44:46','2023-01-18 12:44:46'),(81,'Konten','Konten has been created',NULL,NULL,NULL,1,'Uasoft\\Badaso\\Models\\User','{\"attributes\":{\"id\":12,\"title\":\"struktur organigram\",\"caption\":\"-\",\"images\":\"http:\\/\\/localhost\\/storage\\/photos\\/shares\\/Screenshot 2023-01-18 at 21.56.25.png\",\"section\":\"organigram\",\"link\":\"-\",\"created_at\":\"2023-01-18 14:56:51\",\"updated_at\":\"2023-01-18 14:56:51\"}}',NULL,'2023-01-18 14:56:51','2023-01-18 14:56:51'),(82,'Konten','Konten has been created',NULL,NULL,NULL,1,'Uasoft\\Badaso\\Models\\User','{\"attributes\":{\"id\":13,\"title\":\"Kantor Desa\",\"caption\":\"-\",\"images\":\"http:\\/\\/localhost\\/storage\\/photos\\/shares\\/Screenshot 2023-01-18 at 22.08.13.png\",\"section\":\"kantor-desa\",\"link\":null,\"created_at\":\"2023-01-18 15:08:43\",\"updated_at\":\"2023-01-18 15:08:43\"}}',NULL,'2023-01-18 15:08:43','2023-01-18 15:08:43'),(83,'Database','Add table kepengurusan has been created',NULL,NULL,'created',1,'Uasoft\\Badaso\\Models\\User','{\"attributes\":{\"table\":\"kepengurusan\",\"rows\":[{\"id\":\"id\",\"field_name\":\"id\",\"field_type\":\"bigint\",\"field_length\":null,\"field_null\":false,\"field_attribute\":true,\"field_increment\":true,\"field_index\":\"primary\",\"field_default\":null,\"undeletable\":true},{\"id\":\"35734666-cbe8-48e1-9bf8-ce1908297e52\",\"field_name\":\"nama\",\"field_type\":\"varchar\",\"field_length\":\"100\",\"field_null\":false,\"field_attribute\":false,\"field_increment\":false,\"field_index\":null,\"field_default\":null},{\"id\":\"2f9f8780-416f-45c8-9024-57254a48ba3a\",\"field_name\":\"images\",\"field_type\":\"varchar\",\"field_length\":\"255\",\"field_null\":false,\"field_attribute\":false,\"field_increment\":false,\"field_index\":null,\"field_default\":null},{\"id\":\"983a2661-55fe-4938-b066-4b0d60bf598f\",\"field_name\":\"no_telp\",\"field_type\":\"varchar\",\"field_length\":\"15\",\"field_null\":false,\"field_attribute\":false,\"field_increment\":false,\"field_index\":null,\"field_default\":null},{\"id\":\"a43ab2c2-42fe-419a-bc4f-2510d512c167\",\"field_name\":\"nik\",\"field_type\":\"varchar\",\"field_length\":\"25\",\"field_null\":false,\"field_attribute\":false,\"field_increment\":false,\"field_index\":null,\"field_default\":null},{\"id\":\"6c9ef5cb-56e7-4903-b44a-dd2b6cd579e6\",\"field_name\":\"jabatan\",\"field_type\":\"varchar\",\"field_length\":\"50\",\"field_null\":false,\"field_attribute\":false,\"field_increment\":false,\"field_index\":null,\"field_default\":null},{\"id\":\"5658cb0f-aa71-44fc-b0da-60e4e738e62c\",\"field_name\":\"no_sk\",\"field_type\":\"varchar\",\"field_length\":\"200\",\"field_null\":false,\"field_attribute\":false,\"field_increment\":false,\"field_index\":null,\"field_default\":null},{\"id\":\"7f03a644-7b9c-4776-9ed1-2ed37fa27c65\",\"field_name\":\"ttl\",\"field_type\":\"varchar\",\"field_length\":\"200\",\"field_null\":false,\"field_attribute\":false,\"field_increment\":false,\"field_index\":null,\"field_default\":null},{\"id\":\"26046769-88c5-49a6-a350-f0b364cedcf2\",\"field_name\":\"gender\",\"field_type\":\"varchar\",\"field_length\":\"20\",\"field_null\":false,\"field_attribute\":false,\"field_increment\":false,\"field_index\":null,\"field_default\":null},{\"id\":\"26968488-e6b8-4bf9-a64a-438e98c1393b\",\"field_name\":\"golongan_darah\",\"field_type\":\"varchar\",\"field_length\":\"3\",\"field_null\":false,\"field_attribute\":false,\"field_increment\":false,\"field_index\":null,\"field_default\":null},{\"id\":\"fd2c3477-0679-42c6-8dc5-e8f2796deab1\",\"field_name\":\"agama\",\"field_type\":\"varchar\",\"field_length\":\"30\",\"field_null\":false,\"field_attribute\":false,\"field_increment\":false,\"field_index\":null,\"field_default\":null},{\"id\":\"1ea7a85c-6c38-4242-a4bb-22ce95bd89e2\",\"field_name\":\"kewarganegaraan\",\"field_type\":\"varchar\",\"field_length\":\"30\",\"field_null\":false,\"field_attribute\":false,\"field_increment\":false,\"field_index\":null,\"field_default\":null},{\"id\":\"23e06a30-7599-48ac-aa13-853b14b553f9\",\"field_name\":\"status\",\"field_type\":\"varchar\",\"field_length\":\"20\",\"field_null\":false,\"field_attribute\":false,\"field_increment\":false,\"field_index\":null,\"field_default\":null},{\"id\":\"d9de85bb-4352-4ae9-9405-98bc83bb7bc6\",\"field_name\":\"is_kades\",\"field_type\":\"boolean\",\"field_length\":null,\"field_null\":false,\"field_attribute\":false,\"field_increment\":false,\"field_index\":null,\"field_default\":null},{\"field_name\":\"created_at\",\"field_type\":\"timestamp\",\"field_length\":null,\"field_null\":true,\"field_attribute\":false,\"field_increment\":false,\"field_index\":null,\"field_default\":null,\"undeletable\":true,\"indexes\":true},{\"field_name\":\"updated_at\",\"field_type\":\"timestamp\",\"field_length\":null,\"field_null\":true,\"field_attribute\":false,\"field_increment\":false,\"field_index\":null,\"field_default\":null,\"undeletable\":true}],\"relations\":[]}}',NULL,'2023-01-18 15:14:15','2023-01-18 15:14:15'),(84,'CRUD','CRUD table kepengurusan has been created',8,'Uasoft\\Badaso\\Models\\DataType','created',1,'Uasoft\\Badaso\\Models\\User','{\"attributes\":{\"name\":\"kepengurusan\",\"slug\":\"kepengurusan\",\"display_name_singular\":\"Perangkat Desa\",\"display_name_plural\":\"Perangkat Desa\",\"icon\":null,\"model_name\":null,\"policy_name\":null,\"controller\":null,\"order_column\":null,\"order_display_column\":null,\"order_direction\":null,\"generate_permissions\":true,\"server_side\":false,\"description\":null,\"details\":null,\"notification\":\"[]\",\"is_soft_delete\":false,\"updated_at\":\"2023-01-18T15:15:16.000000Z\",\"created_at\":\"2023-01-18T15:15:16.000000Z\",\"id\":8,\"data_rows\":[{\"data_type_id\":8,\"field\":\"id\",\"type\":\"number\",\"display_name\":\"Id\",\"required\":true,\"browse\":true,\"read\":true,\"edit\":false,\"add\":false,\"delete\":false,\"details\":\"{}\",\"order\":1,\"id\":82},{\"data_type_id\":8,\"field\":\"nama\",\"type\":\"text\",\"display_name\":\"Nama\",\"required\":true,\"browse\":true,\"read\":true,\"edit\":true,\"add\":true,\"delete\":true,\"details\":\"{}\",\"order\":2,\"id\":83},{\"data_type_id\":8,\"field\":\"images\",\"type\":\"upload_image\",\"display_name\":\"Images\",\"required\":true,\"browse\":true,\"read\":true,\"edit\":true,\"add\":true,\"delete\":true,\"details\":\"{}\",\"order\":3,\"id\":84},{\"data_type_id\":8,\"field\":\"no_telp\",\"type\":\"text\",\"display_name\":\"No Telp\",\"required\":true,\"browse\":true,\"read\":true,\"edit\":true,\"add\":true,\"delete\":true,\"details\":\"{}\",\"order\":4,\"id\":85},{\"data_type_id\":8,\"field\":\"nik\",\"type\":\"text\",\"display_name\":\"Nik\",\"required\":true,\"browse\":true,\"read\":true,\"edit\":true,\"add\":true,\"delete\":true,\"details\":\"{}\",\"order\":5,\"id\":86},{\"data_type_id\":8,\"field\":\"jabatan\",\"type\":\"text\",\"display_name\":\"Jabatan\",\"required\":true,\"browse\":true,\"read\":true,\"edit\":true,\"add\":true,\"delete\":true,\"details\":\"{}\",\"order\":6,\"id\":87},{\"data_type_id\":8,\"field\":\"no_sk\",\"type\":\"text\",\"display_name\":\"No Sk\",\"required\":true,\"browse\":true,\"read\":true,\"edit\":true,\"add\":true,\"delete\":true,\"details\":\"{}\",\"order\":7,\"id\":88},{\"data_type_id\":8,\"field\":\"ttl\",\"type\":\"text\",\"display_name\":\"Ttl\",\"required\":true,\"browse\":true,\"read\":true,\"edit\":true,\"add\":true,\"delete\":true,\"details\":\"{}\",\"order\":8,\"id\":89},{\"data_type_id\":8,\"field\":\"gender\",\"type\":\"text\",\"display_name\":\"Gender\",\"required\":true,\"browse\":true,\"read\":true,\"edit\":true,\"add\":true,\"delete\":true,\"details\":\"{}\",\"order\":9,\"id\":90},{\"data_type_id\":8,\"field\":\"golongan_darah\",\"type\":\"text\",\"display_name\":\"Golongan Darah\",\"required\":true,\"browse\":true,\"read\":true,\"edit\":true,\"add\":true,\"delete\":true,\"details\":\"{}\",\"order\":10,\"id\":91},{\"data_type_id\":8,\"field\":\"agama\",\"type\":\"text\",\"display_name\":\"Agama\",\"required\":true,\"browse\":true,\"read\":true,\"edit\":true,\"add\":true,\"delete\":true,\"details\":\"{}\",\"order\":11,\"id\":92},{\"data_type_id\":8,\"field\":\"kewarganegaraan\",\"type\":\"text\",\"display_name\":\"Kewarganegaraan\",\"required\":true,\"browse\":true,\"read\":true,\"edit\":true,\"add\":true,\"delete\":true,\"details\":\"{}\",\"order\":12,\"id\":93},{\"data_type_id\":8,\"field\":\"status\",\"type\":\"text\",\"display_name\":\"Status\",\"required\":true,\"browse\":true,\"read\":true,\"edit\":true,\"add\":true,\"delete\":true,\"details\":\"{}\",\"order\":13,\"id\":94},{\"data_type_id\":8,\"field\":\"is_kades\",\"type\":\"number\",\"display_name\":\"Is Kades\",\"required\":true,\"browse\":false,\"read\":false,\"edit\":true,\"add\":true,\"delete\":true,\"details\":\"{}\",\"order\":14,\"id\":95},{\"data_type_id\":8,\"field\":\"created_at\",\"type\":\"datetime\",\"display_name\":\"Created At\",\"required\":false,\"browse\":true,\"read\":true,\"edit\":false,\"add\":false,\"delete\":false,\"details\":\"{}\",\"order\":15,\"id\":96},{\"data_type_id\":8,\"field\":\"updated_at\",\"type\":\"datetime\",\"display_name\":\"Updated At\",\"required\":false,\"browse\":true,\"read\":true,\"edit\":false,\"add\":false,\"delete\":false,\"details\":\"{}\",\"order\":16,\"id\":97}]}}',NULL,'2023-01-18 15:15:16','2023-01-18 15:15:16'),(85,'Authentication','Login has been success',NULL,NULL,NULL,1,'Uasoft\\Badaso\\Models\\User','{\"attributes\":{\"id\":1,\"name\":\"Copy\",\"username\":\"admin\",\"email\":\"admin@mail.com\",\"additional_info\":null,\"avatar\":\"photos\\/shares\\/default-user.png\",\"phone\":null,\"email_verified_at\":\"2023-01-14T17:53:38.000000Z\",\"created_at\":\"2023-01-14T17:53:38.000000Z\",\"updated_at\":\"2023-01-14T17:53:38.000000Z\"}}',NULL,'2023-01-18 15:36:49','2023-01-18 15:36:49'),(86,'CRUD','CRUD table kepengurusan has been updated',8,'Uasoft\\Badaso\\Models\\DataType','updated',1,'Uasoft\\Badaso\\Models\\User','{\"old\":{\"id\":8,\"name\":\"kepengurusan\",\"slug\":\"kepengurusan\",\"display_name_singular\":\"Perangkat Desa\",\"display_name_plural\":\"Perangkat Desa\",\"icon\":null,\"model_name\":null,\"policy_name\":null,\"controller\":null,\"order_column\":null,\"order_display_column\":null,\"order_direction\":null,\"generate_permissions\":true,\"server_side\":false,\"is_maintenance\":0,\"description\":null,\"details\":null,\"notification\":\"[]\",\"is_soft_delete\":false,\"created_at\":\"2023-01-18T15:15:16.000000Z\",\"updated_at\":\"2023-01-18T15:39:19.000000Z\",\"data_rows\":[{\"id\":98,\"data_type_id\":8,\"field\":\"id\",\"type\":\"number\",\"display_name\":\"Id\",\"required\":1,\"browse\":1,\"read\":1,\"edit\":0,\"add\":0,\"delete\":0,\"details\":\"{}\",\"relation\":null,\"order\":1},{\"id\":99,\"data_type_id\":8,\"field\":\"nama\",\"type\":\"text\",\"display_name\":\"Nama\",\"required\":1,\"browse\":1,\"read\":1,\"edit\":1,\"add\":1,\"delete\":1,\"details\":\"{}\",\"relation\":null,\"order\":2},{\"id\":100,\"data_type_id\":8,\"field\":\"images\",\"type\":\"upload_image\",\"display_name\":\"Images\",\"required\":1,\"browse\":1,\"read\":1,\"edit\":1,\"add\":1,\"delete\":1,\"details\":\"{}\",\"relation\":null,\"order\":3},{\"id\":101,\"data_type_id\":8,\"field\":\"no_telp\",\"type\":\"text\",\"display_name\":\"No Telp\",\"required\":1,\"browse\":1,\"read\":1,\"edit\":1,\"add\":1,\"delete\":1,\"details\":\"{}\",\"relation\":null,\"order\":4},{\"id\":102,\"data_type_id\":8,\"field\":\"nik\",\"type\":\"text\",\"display_name\":\"Nik\",\"required\":1,\"browse\":1,\"read\":1,\"edit\":1,\"add\":1,\"delete\":1,\"details\":\"{}\",\"relation\":null,\"order\":5},{\"id\":103,\"data_type_id\":8,\"field\":\"jabatan\",\"type\":\"text\",\"display_name\":\"Jabatan\",\"required\":1,\"browse\":1,\"read\":1,\"edit\":1,\"add\":1,\"delete\":1,\"details\":\"{}\",\"relation\":null,\"order\":6},{\"id\":104,\"data_type_id\":8,\"field\":\"no_sk\",\"type\":\"text\",\"display_name\":\"No Sk\",\"required\":1,\"browse\":1,\"read\":1,\"edit\":1,\"add\":1,\"delete\":1,\"details\":\"{}\",\"relation\":null,\"order\":7},{\"id\":105,\"data_type_id\":8,\"field\":\"ttl\",\"type\":\"text\",\"display_name\":\"Ttl\",\"required\":1,\"browse\":1,\"read\":1,\"edit\":1,\"add\":1,\"delete\":1,\"details\":\"{}\",\"relation\":null,\"order\":8},{\"id\":106,\"data_type_id\":8,\"field\":\"gender\",\"type\":\"text\",\"display_name\":\"Gender\",\"required\":1,\"browse\":1,\"read\":1,\"edit\":1,\"add\":1,\"delete\":1,\"details\":\"{}\",\"relation\":null,\"order\":9},{\"id\":107,\"data_type_id\":8,\"field\":\"golongan_darah\",\"type\":\"text\",\"display_name\":\"Golongan Darah\",\"required\":1,\"browse\":1,\"read\":1,\"edit\":1,\"add\":1,\"delete\":1,\"details\":\"{}\",\"relation\":null,\"order\":10},{\"id\":108,\"data_type_id\":8,\"field\":\"agama\",\"type\":\"text\",\"display_name\":\"Agama\",\"required\":1,\"browse\":1,\"read\":1,\"edit\":1,\"add\":1,\"delete\":1,\"details\":\"{}\",\"relation\":null,\"order\":11},{\"id\":109,\"data_type_id\":8,\"field\":\"kewarganegaraan\",\"type\":\"text\",\"display_name\":\"Kewarganegaraan\",\"required\":1,\"browse\":1,\"read\":1,\"edit\":1,\"add\":1,\"delete\":1,\"details\":\"{}\",\"relation\":null,\"order\":12},{\"id\":110,\"data_type_id\":8,\"field\":\"status\",\"type\":\"text\",\"display_name\":\"Status\",\"required\":1,\"browse\":1,\"read\":1,\"edit\":1,\"add\":1,\"delete\":1,\"details\":\"{}\",\"relation\":null,\"order\":13},{\"id\":111,\"data_type_id\":8,\"field\":\"is_kades\",\"type\":\"text\",\"display_name\":\"Is Kades\",\"required\":1,\"browse\":0,\"read\":0,\"edit\":1,\"add\":1,\"delete\":1,\"details\":\"{}\",\"relation\":null,\"order\":14},{\"id\":112,\"data_type_id\":8,\"field\":\"created_at\",\"type\":\"datetime\",\"display_name\":\"Created At\",\"required\":0,\"browse\":1,\"read\":1,\"edit\":0,\"add\":0,\"delete\":0,\"details\":\"{}\",\"relation\":null,\"order\":15},{\"id\":113,\"data_type_id\":8,\"field\":\"updated_at\",\"type\":\"datetime\",\"display_name\":\"Updated At\",\"required\":0,\"browse\":1,\"read\":1,\"edit\":0,\"add\":0,\"delete\":0,\"details\":\"{}\",\"relation\":null,\"order\":16}]},\"new\":{\"id\":8,\"name\":\"kepengurusan\",\"slug\":\"kepengurusan\",\"displayNameSingular\":\"Perangkat Desa\",\"displayNamePlural\":\"Perangkat Desa\",\"icon\":null,\"modelName\":null,\"policyName\":null,\"controller\":null,\"orderColumn\":null,\"orderDisplayColumn\":null,\"orderDirection\":null,\"generatePermissions\":true,\"serverSide\":false,\"isMaintenance\":0,\"description\":null,\"details\":null,\"notification\":[],\"isSoftDelete\":0,\"createdAt\":\"2023-01-18T15:15:16.000000Z\",\"updatedAt\":\"2023-01-18T15:15:16.000000Z\",\"dataRows\":[{\"id\":82,\"dataTypeId\":8,\"field\":\"id\",\"type\":\"number\",\"displayName\":\"Id\",\"required\":1,\"browse\":1,\"read\":1,\"edit\":0,\"add\":0,\"delete\":0,\"details\":\"{}\",\"relation\":null,\"order\":1},{\"id\":83,\"dataTypeId\":8,\"field\":\"nama\",\"type\":\"text\",\"displayName\":\"Nama\",\"required\":1,\"browse\":1,\"read\":1,\"edit\":1,\"add\":1,\"delete\":1,\"details\":\"{}\",\"relation\":null,\"order\":2},{\"id\":84,\"dataTypeId\":8,\"field\":\"images\",\"type\":\"upload_image\",\"displayName\":\"Images\",\"required\":1,\"browse\":1,\"read\":1,\"edit\":1,\"add\":1,\"delete\":1,\"details\":\"{}\",\"relation\":null,\"order\":3},{\"id\":85,\"dataTypeId\":8,\"field\":\"no_telp\",\"type\":\"text\",\"displayName\":\"No Telp\",\"required\":1,\"browse\":1,\"read\":1,\"edit\":1,\"add\":1,\"delete\":1,\"details\":\"{}\",\"relation\":null,\"order\":4},{\"id\":86,\"dataTypeId\":8,\"field\":\"nik\",\"type\":\"text\",\"displayName\":\"Nik\",\"required\":1,\"browse\":1,\"read\":1,\"edit\":1,\"add\":1,\"delete\":1,\"details\":\"{}\",\"relation\":null,\"order\":5},{\"id\":87,\"dataTypeId\":8,\"field\":\"jabatan\",\"type\":\"text\",\"displayName\":\"Jabatan\",\"required\":1,\"browse\":1,\"read\":1,\"edit\":1,\"add\":1,\"delete\":1,\"details\":\"{}\",\"relation\":null,\"order\":6},{\"id\":88,\"dataTypeId\":8,\"field\":\"no_sk\",\"type\":\"text\",\"displayName\":\"No Sk\",\"required\":1,\"browse\":1,\"read\":1,\"edit\":1,\"add\":1,\"delete\":1,\"details\":\"{}\",\"relation\":null,\"order\":7},{\"id\":89,\"dataTypeId\":8,\"field\":\"ttl\",\"type\":\"text\",\"displayName\":\"Ttl\",\"required\":1,\"browse\":1,\"read\":1,\"edit\":1,\"add\":1,\"delete\":1,\"details\":\"{}\",\"relation\":null,\"order\":8},{\"id\":90,\"dataTypeId\":8,\"field\":\"gender\",\"type\":\"text\",\"displayName\":\"Gender\",\"required\":1,\"browse\":1,\"read\":1,\"edit\":1,\"add\":1,\"delete\":1,\"details\":\"{}\",\"relation\":null,\"order\":9},{\"id\":91,\"dataTypeId\":8,\"field\":\"golongan_darah\",\"type\":\"text\",\"displayName\":\"Golongan Darah\",\"required\":1,\"browse\":1,\"read\":1,\"edit\":1,\"add\":1,\"delete\":1,\"details\":\"{}\",\"relation\":null,\"order\":10},{\"id\":92,\"dataTypeId\":8,\"field\":\"agama\",\"type\":\"text\",\"displayName\":\"Agama\",\"required\":1,\"browse\":1,\"read\":1,\"edit\":1,\"add\":1,\"delete\":1,\"details\":\"{}\",\"relation\":null,\"order\":11},{\"id\":93,\"dataTypeId\":8,\"field\":\"kewarganegaraan\",\"type\":\"text\",\"displayName\":\"Kewarganegaraan\",\"required\":1,\"browse\":1,\"read\":1,\"edit\":1,\"add\":1,\"delete\":1,\"details\":\"{}\",\"relation\":null,\"order\":12},{\"id\":94,\"dataTypeId\":8,\"field\":\"status\",\"type\":\"text\",\"displayName\":\"Status\",\"required\":1,\"browse\":1,\"read\":1,\"edit\":1,\"add\":1,\"delete\":1,\"details\":\"{}\",\"relation\":null,\"order\":13},{\"id\":95,\"dataTypeId\":8,\"field\":\"is_kades\",\"type\":\"number\",\"displayName\":\"Is Kades\",\"required\":1,\"browse\":0,\"read\":0,\"edit\":1,\"add\":1,\"delete\":1,\"details\":\"{}\",\"relation\":null,\"order\":14},{\"id\":96,\"dataTypeId\":8,\"field\":\"created_at\",\"type\":\"datetime\",\"displayName\":\"Created At\",\"required\":0,\"browse\":1,\"read\":1,\"edit\":0,\"add\":0,\"delete\":0,\"details\":\"{}\",\"relation\":null,\"order\":15},{\"id\":97,\"dataTypeId\":8,\"field\":\"updated_at\",\"type\":\"datetime\",\"displayName\":\"Updated At\",\"required\":0,\"browse\":1,\"read\":1,\"edit\":0,\"add\":0,\"delete\":0,\"details\":\"{}\",\"relation\":null,\"order\":16}],\"createSoftDelete\":false,\"rows\":[{\"label\":\"id\",\"value\":\"id\",\"field\":\"id\",\"type\":\"number\",\"display_name\":\"Id\",\"required\":true,\"browse\":true,\"read\":true,\"edit\":false,\"add\":false,\"delete\":false,\"details\":\"{}\",\"relation_type\":null,\"destination_table\":null,\"destination_table_column\":null,\"destination_table_display_column\":null,\"destination_table_display_more_column\":null,\"order\":1,\"set_relation\":false},{\"label\":\"nama\",\"value\":\"nama\",\"field\":\"nama\",\"type\":\"text\",\"display_name\":\"Nama\",\"required\":true,\"browse\":true,\"read\":true,\"edit\":true,\"add\":true,\"delete\":true,\"details\":\"{}\",\"relation_type\":null,\"destination_table\":null,\"destination_table_column\":null,\"destination_table_display_column\":null,\"destination_table_display_more_column\":null,\"order\":2,\"set_relation\":false},{\"label\":\"images\",\"value\":\"images\",\"field\":\"images\",\"type\":\"upload_image\",\"display_name\":\"Images\",\"required\":true,\"browse\":true,\"read\":true,\"edit\":true,\"add\":true,\"delete\":true,\"details\":\"{}\",\"relation_type\":null,\"destination_table\":null,\"destination_table_column\":null,\"destination_table_display_column\":null,\"destination_table_display_more_column\":null,\"order\":3,\"set_relation\":false},{\"label\":\"no_telp\",\"value\":\"no_telp\",\"field\":\"no_telp\",\"type\":\"text\",\"display_name\":\"No Telp\",\"required\":true,\"browse\":true,\"read\":true,\"edit\":true,\"add\":true,\"delete\":true,\"details\":\"{}\",\"relation_type\":null,\"destination_table\":null,\"destination_table_column\":null,\"destination_table_display_column\":null,\"destination_table_display_more_column\":null,\"order\":4,\"set_relation\":false},{\"label\":\"nik\",\"value\":\"nik\",\"field\":\"nik\",\"type\":\"text\",\"display_name\":\"Nik\",\"required\":true,\"browse\":true,\"read\":true,\"edit\":true,\"add\":true,\"delete\":true,\"details\":\"{}\",\"relation_type\":null,\"destination_table\":null,\"destination_table_column\":null,\"destination_table_display_column\":null,\"destination_table_display_more_column\":null,\"order\":5,\"set_relation\":false},{\"label\":\"jabatan\",\"value\":\"jabatan\",\"field\":\"jabatan\",\"type\":\"text\",\"display_name\":\"Jabatan\",\"required\":true,\"browse\":true,\"read\":true,\"edit\":true,\"add\":true,\"delete\":true,\"details\":\"{}\",\"relation_type\":null,\"destination_table\":null,\"destination_table_column\":null,\"destination_table_display_column\":null,\"destination_table_display_more_column\":null,\"order\":6,\"set_relation\":false},{\"label\":\"no_sk\",\"value\":\"no_sk\",\"field\":\"no_sk\",\"type\":\"text\",\"display_name\":\"No Sk\",\"required\":true,\"browse\":true,\"read\":true,\"edit\":true,\"add\":true,\"delete\":true,\"details\":\"{}\",\"relation_type\":null,\"destination_table\":null,\"destination_table_column\":null,\"destination_table_display_column\":null,\"destination_table_display_more_column\":null,\"order\":7,\"set_relation\":false},{\"label\":\"ttl\",\"value\":\"ttl\",\"field\":\"ttl\",\"type\":\"text\",\"display_name\":\"Ttl\",\"required\":true,\"browse\":true,\"read\":true,\"edit\":true,\"add\":true,\"delete\":true,\"details\":\"{}\",\"relation_type\":null,\"destination_table\":null,\"destination_table_column\":null,\"destination_table_display_column\":null,\"destination_table_display_more_column\":null,\"order\":8,\"set_relation\":false},{\"label\":\"gender\",\"value\":\"gender\",\"field\":\"gender\",\"type\":\"text\",\"display_name\":\"Gender\",\"required\":true,\"browse\":true,\"read\":true,\"edit\":true,\"add\":true,\"delete\":true,\"details\":\"{}\",\"relation_type\":null,\"destination_table\":null,\"destination_table_column\":null,\"destination_table_display_column\":null,\"destination_table_display_more_column\":null,\"order\":9,\"set_relation\":false},{\"label\":\"golongan_darah\",\"value\":\"golongan_darah\",\"field\":\"golongan_darah\",\"type\":\"text\",\"display_name\":\"Golongan Darah\",\"required\":true,\"browse\":true,\"read\":true,\"edit\":true,\"add\":true,\"delete\":true,\"details\":\"{}\",\"relation_type\":null,\"destination_table\":null,\"destination_table_column\":null,\"destination_table_display_column\":null,\"destination_table_display_more_column\":null,\"order\":10,\"set_relation\":false},{\"label\":\"agama\",\"value\":\"agama\",\"field\":\"agama\",\"type\":\"text\",\"display_name\":\"Agama\",\"required\":true,\"browse\":true,\"read\":true,\"edit\":true,\"add\":true,\"delete\":true,\"details\":\"{}\",\"relation_type\":null,\"destination_table\":null,\"destination_table_column\":null,\"destination_table_display_column\":null,\"destination_table_display_more_column\":null,\"order\":11,\"set_relation\":false},{\"label\":\"kewarganegaraan\",\"value\":\"kewarganegaraan\",\"field\":\"kewarganegaraan\",\"type\":\"text\",\"display_name\":\"Kewarganegaraan\",\"required\":true,\"browse\":true,\"read\":true,\"edit\":true,\"add\":true,\"delete\":true,\"details\":\"{}\",\"relation_type\":null,\"destination_table\":null,\"destination_table_column\":null,\"destination_table_display_column\":null,\"destination_table_display_more_column\":null,\"order\":12,\"set_relation\":false},{\"label\":\"status\",\"value\":\"status\",\"field\":\"status\",\"type\":\"text\",\"display_name\":\"Status\",\"required\":true,\"browse\":true,\"read\":true,\"edit\":true,\"add\":true,\"delete\":true,\"details\":\"{}\",\"relation_type\":null,\"destination_table\":null,\"destination_table_column\":null,\"destination_table_display_column\":null,\"destination_table_display_more_column\":null,\"order\":13,\"set_relation\":false},{\"label\":\"is_kades\",\"value\":\"is_kades\",\"field\":\"is_kades\",\"type\":\"text\",\"display_name\":\"Is Kades\",\"required\":true,\"browse\":false,\"read\":false,\"edit\":true,\"add\":true,\"delete\":true,\"details\":\"{}\",\"relation_type\":null,\"destination_table\":null,\"destination_table_column\":null,\"destination_table_display_column\":null,\"destination_table_display_more_column\":null,\"order\":14,\"set_relation\":false},{\"label\":\"created_at\",\"value\":\"created_at\",\"field\":\"created_at\",\"type\":\"datetime\",\"display_name\":\"Created At\",\"required\":false,\"browse\":true,\"read\":true,\"edit\":false,\"add\":false,\"delete\":false,\"details\":\"{}\",\"relation_type\":null,\"destination_table\":null,\"destination_table_column\":null,\"destination_table_display_column\":null,\"destination_table_display_more_column\":null,\"order\":15,\"set_relation\":false},{\"label\":\"updated_at\",\"value\":\"updated_at\",\"field\":\"updated_at\",\"type\":\"datetime\",\"display_name\":\"Updated At\",\"required\":false,\"browse\":true,\"read\":true,\"edit\":false,\"add\":false,\"delete\":false,\"details\":\"{}\",\"relation_type\":null,\"destination_table\":null,\"destination_table_column\":null,\"destination_table_display_column\":null,\"destination_table_display_more_column\":null,\"order\":16,\"set_relation\":false}],\"display_name_singular\":\"Perangkat Desa\",\"display_name_plural\":\"Perangkat Desa\",\"model_name\":null,\"policy_name\":null,\"order_column\":null,\"order_display_column\":null,\"order_direction\":null,\"generate_permissions\":true,\"server_side\":false,\"is_maintenance\":0,\"is_soft_delete\":0,\"created_at\":\"2023-01-18T15:15:16.000000Z\",\"updated_at\":\"2023-01-18T15:15:16.000000Z\",\"data_rows\":[{\"id\":82,\"data_type_id\":8,\"field\":\"id\",\"type\":\"number\",\"display_name\":\"Id\",\"required\":1,\"browse\":1,\"read\":1,\"edit\":0,\"add\":0,\"delete\":0,\"details\":\"{}\",\"relation\":null,\"order\":1},{\"id\":83,\"data_type_id\":8,\"field\":\"nama\",\"type\":\"text\",\"display_name\":\"Nama\",\"required\":1,\"browse\":1,\"read\":1,\"edit\":1,\"add\":1,\"delete\":1,\"details\":\"{}\",\"relation\":null,\"order\":2},{\"id\":84,\"data_type_id\":8,\"field\":\"images\",\"type\":\"upload_image\",\"display_name\":\"Images\",\"required\":1,\"browse\":1,\"read\":1,\"edit\":1,\"add\":1,\"delete\":1,\"details\":\"{}\",\"relation\":null,\"order\":3},{\"id\":85,\"data_type_id\":8,\"field\":\"no_telp\",\"type\":\"text\",\"display_name\":\"No Telp\",\"required\":1,\"browse\":1,\"read\":1,\"edit\":1,\"add\":1,\"delete\":1,\"details\":\"{}\",\"relation\":null,\"order\":4},{\"id\":86,\"data_type_id\":8,\"field\":\"nik\",\"type\":\"text\",\"display_name\":\"Nik\",\"required\":1,\"browse\":1,\"read\":1,\"edit\":1,\"add\":1,\"delete\":1,\"details\":\"{}\",\"relation\":null,\"order\":5},{\"id\":87,\"data_type_id\":8,\"field\":\"jabatan\",\"type\":\"text\",\"display_name\":\"Jabatan\",\"required\":1,\"browse\":1,\"read\":1,\"edit\":1,\"add\":1,\"delete\":1,\"details\":\"{}\",\"relation\":null,\"order\":6},{\"id\":88,\"data_type_id\":8,\"field\":\"no_sk\",\"type\":\"text\",\"display_name\":\"No Sk\",\"required\":1,\"browse\":1,\"read\":1,\"edit\":1,\"add\":1,\"delete\":1,\"details\":\"{}\",\"relation\":null,\"order\":7},{\"id\":89,\"data_type_id\":8,\"field\":\"ttl\",\"type\":\"text\",\"display_name\":\"Ttl\",\"required\":1,\"browse\":1,\"read\":1,\"edit\":1,\"add\":1,\"delete\":1,\"details\":\"{}\",\"relation\":null,\"order\":8},{\"id\":90,\"data_type_id\":8,\"field\":\"gender\",\"type\":\"text\",\"display_name\":\"Gender\",\"required\":1,\"browse\":1,\"read\":1,\"edit\":1,\"add\":1,\"delete\":1,\"details\":\"{}\",\"relation\":null,\"order\":9},{\"id\":91,\"data_type_id\":8,\"field\":\"golongan_darah\",\"type\":\"text\",\"display_name\":\"Golongan Darah\",\"required\":1,\"browse\":1,\"read\":1,\"edit\":1,\"add\":1,\"delete\":1,\"details\":\"{}\",\"relation\":null,\"order\":10},{\"id\":92,\"data_type_id\":8,\"field\":\"agama\",\"type\":\"text\",\"display_name\":\"Agama\",\"required\":1,\"browse\":1,\"read\":1,\"edit\":1,\"add\":1,\"delete\":1,\"details\":\"{}\",\"relation\":null,\"order\":11},{\"id\":93,\"data_type_id\":8,\"field\":\"kewarganegaraan\",\"type\":\"text\",\"display_name\":\"Kewarganegaraan\",\"required\":1,\"browse\":1,\"read\":1,\"edit\":1,\"add\":1,\"delete\":1,\"details\":\"{}\",\"relation\":null,\"order\":12},{\"id\":94,\"data_type_id\":8,\"field\":\"status\",\"type\":\"text\",\"display_name\":\"Status\",\"required\":1,\"browse\":1,\"read\":1,\"edit\":1,\"add\":1,\"delete\":1,\"details\":\"{}\",\"relation\":null,\"order\":13},{\"id\":95,\"data_type_id\":8,\"field\":\"is_kades\",\"type\":\"number\",\"display_name\":\"Is Kades\",\"required\":1,\"browse\":0,\"read\":0,\"edit\":1,\"add\":1,\"delete\":1,\"details\":\"{}\",\"relation\":null,\"order\":14},{\"id\":96,\"data_type_id\":8,\"field\":\"created_at\",\"type\":\"datetime\",\"display_name\":\"Created At\",\"required\":0,\"browse\":1,\"read\":1,\"edit\":0,\"add\":0,\"delete\":0,\"details\":\"{}\",\"relation\":null,\"order\":15},{\"id\":97,\"data_type_id\":8,\"field\":\"updated_at\",\"type\":\"datetime\",\"display_name\":\"Updated At\",\"required\":0,\"browse\":1,\"read\":1,\"edit\":0,\"add\":0,\"delete\":0,\"details\":\"{}\",\"relation\":null,\"order\":16}],\"create_soft_delete\":false}}',NULL,'2023-01-18 15:39:20','2023-01-18 15:39:20'),(87,'CRUD','CRUD table kepengurusan has been updated',8,'Uasoft\\Badaso\\Models\\DataType','updated',1,'Uasoft\\Badaso\\Models\\User','{\"old\":{\"id\":8,\"name\":\"kepengurusan\",\"slug\":\"kepengurusan\",\"display_name_singular\":\"Perangkat Desa\",\"display_name_plural\":\"Perangkat Desa\",\"icon\":null,\"model_name\":null,\"policy_name\":null,\"controller\":null,\"order_column\":null,\"order_display_column\":null,\"order_direction\":null,\"generate_permissions\":true,\"server_side\":false,\"is_maintenance\":0,\"description\":null,\"details\":null,\"notification\":\"[]\",\"is_soft_delete\":false,\"created_at\":\"2023-01-18T15:15:16.000000Z\",\"updated_at\":\"2023-01-18T15:40:05.000000Z\",\"data_rows\":[{\"id\":114,\"data_type_id\":8,\"field\":\"id\",\"type\":\"number\",\"display_name\":\"Id\",\"required\":1,\"browse\":1,\"read\":1,\"edit\":0,\"add\":0,\"delete\":0,\"details\":\"{}\",\"relation\":null,\"order\":1},{\"id\":115,\"data_type_id\":8,\"field\":\"nama\",\"type\":\"text\",\"display_name\":\"Nama\",\"required\":1,\"browse\":1,\"read\":1,\"edit\":1,\"add\":1,\"delete\":1,\"details\":\"{}\",\"relation\":null,\"order\":2},{\"id\":116,\"data_type_id\":8,\"field\":\"images\",\"type\":\"upload_image\",\"display_name\":\"Images\",\"required\":1,\"browse\":1,\"read\":1,\"edit\":1,\"add\":1,\"delete\":1,\"details\":\"{}\",\"relation\":null,\"order\":3},{\"id\":117,\"data_type_id\":8,\"field\":\"no_telp\",\"type\":\"text\",\"display_name\":\"No Telp\",\"required\":1,\"browse\":1,\"read\":1,\"edit\":1,\"add\":1,\"delete\":1,\"details\":\"{}\",\"relation\":null,\"order\":4},{\"id\":118,\"data_type_id\":8,\"field\":\"nik\",\"type\":\"text\",\"display_name\":\"Nik\",\"required\":1,\"browse\":1,\"read\":1,\"edit\":1,\"add\":1,\"delete\":1,\"details\":\"{}\",\"relation\":null,\"order\":5},{\"id\":119,\"data_type_id\":8,\"field\":\"jabatan\",\"type\":\"text\",\"display_name\":\"Jabatan\",\"required\":1,\"browse\":1,\"read\":1,\"edit\":1,\"add\":1,\"delete\":1,\"details\":\"{}\",\"relation\":null,\"order\":6},{\"id\":120,\"data_type_id\":8,\"field\":\"no_sk\",\"type\":\"text\",\"display_name\":\"No Sk\",\"required\":1,\"browse\":1,\"read\":1,\"edit\":1,\"add\":1,\"delete\":1,\"details\":\"{}\",\"relation\":null,\"order\":7},{\"id\":121,\"data_type_id\":8,\"field\":\"ttl\",\"type\":\"text\",\"display_name\":\"Ttl\",\"required\":1,\"browse\":1,\"read\":1,\"edit\":1,\"add\":1,\"delete\":1,\"details\":\"{}\",\"relation\":null,\"order\":8},{\"id\":122,\"data_type_id\":8,\"field\":\"gender\",\"type\":\"text\",\"display_name\":\"Gender\",\"required\":1,\"browse\":1,\"read\":1,\"edit\":1,\"add\":1,\"delete\":1,\"details\":\"{}\",\"relation\":null,\"order\":9},{\"id\":123,\"data_type_id\":8,\"field\":\"golongan_darah\",\"type\":\"text\",\"display_name\":\"Golongan Darah\",\"required\":1,\"browse\":1,\"read\":1,\"edit\":1,\"add\":1,\"delete\":1,\"details\":\"{}\",\"relation\":null,\"order\":10},{\"id\":124,\"data_type_id\":8,\"field\":\"agama\",\"type\":\"text\",\"display_name\":\"Agama\",\"required\":1,\"browse\":1,\"read\":1,\"edit\":1,\"add\":1,\"delete\":1,\"details\":\"{}\",\"relation\":null,\"order\":11},{\"id\":125,\"data_type_id\":8,\"field\":\"kewarganegaraan\",\"type\":\"text\",\"display_name\":\"Kewarganegaraan\",\"required\":1,\"browse\":1,\"read\":1,\"edit\":1,\"add\":1,\"delete\":1,\"details\":\"{}\",\"relation\":null,\"order\":12},{\"id\":126,\"data_type_id\":8,\"field\":\"status\",\"type\":\"text\",\"display_name\":\"Status\",\"required\":1,\"browse\":1,\"read\":1,\"edit\":1,\"add\":1,\"delete\":1,\"details\":\"{}\",\"relation\":null,\"order\":13},{\"id\":127,\"data_type_id\":8,\"field\":\"is_kades\",\"type\":\"checkbox\",\"display_name\":\"Is Kades\",\"required\":1,\"browse\":0,\"read\":0,\"edit\":1,\"add\":1,\"delete\":1,\"details\":\"{}\",\"relation\":null,\"order\":14},{\"id\":128,\"data_type_id\":8,\"field\":\"created_at\",\"type\":\"datetime\",\"display_name\":\"Created At\",\"required\":0,\"browse\":1,\"read\":1,\"edit\":0,\"add\":0,\"delete\":0,\"details\":\"{}\",\"relation\":null,\"order\":15},{\"id\":129,\"data_type_id\":8,\"field\":\"updated_at\",\"type\":\"datetime\",\"display_name\":\"Updated At\",\"required\":0,\"browse\":1,\"read\":1,\"edit\":0,\"add\":0,\"delete\":0,\"details\":\"{}\",\"relation\":null,\"order\":16}]},\"new\":{\"id\":8,\"name\":\"kepengurusan\",\"slug\":\"kepengurusan\",\"displayNameSingular\":\"Perangkat Desa\",\"displayNamePlural\":\"Perangkat Desa\",\"icon\":null,\"modelName\":null,\"policyName\":null,\"controller\":null,\"orderColumn\":null,\"orderDisplayColumn\":null,\"orderDirection\":null,\"generatePermissions\":true,\"serverSide\":false,\"isMaintenance\":0,\"description\":null,\"details\":null,\"notification\":[],\"isSoftDelete\":0,\"createdAt\":\"2023-01-18T15:15:16.000000Z\",\"updatedAt\":\"2023-01-18T15:39:19.000000Z\",\"dataRows\":[{\"id\":98,\"dataTypeId\":8,\"field\":\"id\",\"type\":\"number\",\"displayName\":\"Id\",\"required\":1,\"browse\":1,\"read\":1,\"edit\":0,\"add\":0,\"delete\":0,\"details\":\"{}\",\"relation\":null,\"order\":1},{\"id\":99,\"dataTypeId\":8,\"field\":\"nama\",\"type\":\"text\",\"displayName\":\"Nama\",\"required\":1,\"browse\":1,\"read\":1,\"edit\":1,\"add\":1,\"delete\":1,\"details\":\"{}\",\"relation\":null,\"order\":2},{\"id\":100,\"dataTypeId\":8,\"field\":\"images\",\"type\":\"upload_image\",\"displayName\":\"Images\",\"required\":1,\"browse\":1,\"read\":1,\"edit\":1,\"add\":1,\"delete\":1,\"details\":\"{}\",\"relation\":null,\"order\":3},{\"id\":101,\"dataTypeId\":8,\"field\":\"no_telp\",\"type\":\"text\",\"displayName\":\"No Telp\",\"required\":1,\"browse\":1,\"read\":1,\"edit\":1,\"add\":1,\"delete\":1,\"details\":\"{}\",\"relation\":null,\"order\":4},{\"id\":102,\"dataTypeId\":8,\"field\":\"nik\",\"type\":\"text\",\"displayName\":\"Nik\",\"required\":1,\"browse\":1,\"read\":1,\"edit\":1,\"add\":1,\"delete\":1,\"details\":\"{}\",\"relation\":null,\"order\":5},{\"id\":103,\"dataTypeId\":8,\"field\":\"jabatan\",\"type\":\"text\",\"displayName\":\"Jabatan\",\"required\":1,\"browse\":1,\"read\":1,\"edit\":1,\"add\":1,\"delete\":1,\"details\":\"{}\",\"relation\":null,\"order\":6},{\"id\":104,\"dataTypeId\":8,\"field\":\"no_sk\",\"type\":\"text\",\"displayName\":\"No Sk\",\"required\":1,\"browse\":1,\"read\":1,\"edit\":1,\"add\":1,\"delete\":1,\"details\":\"{}\",\"relation\":null,\"order\":7},{\"id\":105,\"dataTypeId\":8,\"field\":\"ttl\",\"type\":\"text\",\"displayName\":\"Ttl\",\"required\":1,\"browse\":1,\"read\":1,\"edit\":1,\"add\":1,\"delete\":1,\"details\":\"{}\",\"relation\":null,\"order\":8},{\"id\":106,\"dataTypeId\":8,\"field\":\"gender\",\"type\":\"text\",\"displayName\":\"Gender\",\"required\":1,\"browse\":1,\"read\":1,\"edit\":1,\"add\":1,\"delete\":1,\"details\":\"{}\",\"relation\":null,\"order\":9},{\"id\":107,\"dataTypeId\":8,\"field\":\"golongan_darah\",\"type\":\"text\",\"displayName\":\"Golongan Darah\",\"required\":1,\"browse\":1,\"read\":1,\"edit\":1,\"add\":1,\"delete\":1,\"details\":\"{}\",\"relation\":null,\"order\":10},{\"id\":108,\"dataTypeId\":8,\"field\":\"agama\",\"type\":\"text\",\"displayName\":\"Agama\",\"required\":1,\"browse\":1,\"read\":1,\"edit\":1,\"add\":1,\"delete\":1,\"details\":\"{}\",\"relation\":null,\"order\":11},{\"id\":109,\"dataTypeId\":8,\"field\":\"kewarganegaraan\",\"type\":\"text\",\"displayName\":\"Kewarganegaraan\",\"required\":1,\"browse\":1,\"read\":1,\"edit\":1,\"add\":1,\"delete\":1,\"details\":\"{}\",\"relation\":null,\"order\":12},{\"id\":110,\"dataTypeId\":8,\"field\":\"status\",\"type\":\"text\",\"displayName\":\"Status\",\"required\":1,\"browse\":1,\"read\":1,\"edit\":1,\"add\":1,\"delete\":1,\"details\":\"{}\",\"relation\":null,\"order\":13},{\"id\":111,\"dataTypeId\":8,\"field\":\"is_kades\",\"type\":\"text\",\"displayName\":\"Is Kades\",\"required\":1,\"browse\":0,\"read\":0,\"edit\":1,\"add\":1,\"delete\":1,\"details\":\"{}\",\"relation\":null,\"order\":14},{\"id\":112,\"dataTypeId\":8,\"field\":\"created_at\",\"type\":\"datetime\",\"displayName\":\"Created At\",\"required\":0,\"browse\":1,\"read\":1,\"edit\":0,\"add\":0,\"delete\":0,\"details\":\"{}\",\"relation\":null,\"order\":15},{\"id\":113,\"dataTypeId\":8,\"field\":\"updated_at\",\"type\":\"datetime\",\"displayName\":\"Updated At\",\"required\":0,\"browse\":1,\"read\":1,\"edit\":0,\"add\":0,\"delete\":0,\"details\":\"{}\",\"relation\":null,\"order\":16}],\"createSoftDelete\":false,\"rows\":[{\"label\":\"id\",\"value\":\"id\",\"field\":\"id\",\"type\":\"number\",\"display_name\":\"Id\",\"required\":true,\"browse\":true,\"read\":true,\"edit\":false,\"add\":false,\"delete\":false,\"details\":\"{}\",\"relation_type\":null,\"destination_table\":null,\"destination_table_column\":null,\"destination_table_display_column\":null,\"destination_table_display_more_column\":null,\"order\":1,\"set_relation\":false},{\"label\":\"nama\",\"value\":\"nama\",\"field\":\"nama\",\"type\":\"text\",\"display_name\":\"Nama\",\"required\":true,\"browse\":true,\"read\":true,\"edit\":true,\"add\":true,\"delete\":true,\"details\":\"{}\",\"relation_type\":null,\"destination_table\":null,\"destination_table_column\":null,\"destination_table_display_column\":null,\"destination_table_display_more_column\":null,\"order\":2,\"set_relation\":false},{\"label\":\"images\",\"value\":\"images\",\"field\":\"images\",\"type\":\"upload_image\",\"display_name\":\"Images\",\"required\":true,\"browse\":true,\"read\":true,\"edit\":true,\"add\":true,\"delete\":true,\"details\":\"{}\",\"relation_type\":null,\"destination_table\":null,\"destination_table_column\":null,\"destination_table_display_column\":null,\"destination_table_display_more_column\":null,\"order\":3,\"set_relation\":false},{\"label\":\"no_telp\",\"value\":\"no_telp\",\"field\":\"no_telp\",\"type\":\"text\",\"display_name\":\"No Telp\",\"required\":true,\"browse\":true,\"read\":true,\"edit\":true,\"add\":true,\"delete\":true,\"details\":\"{}\",\"relation_type\":null,\"destination_table\":null,\"destination_table_column\":null,\"destination_table_display_column\":null,\"destination_table_display_more_column\":null,\"order\":4,\"set_relation\":false},{\"label\":\"nik\",\"value\":\"nik\",\"field\":\"nik\",\"type\":\"text\",\"display_name\":\"Nik\",\"required\":true,\"browse\":true,\"read\":true,\"edit\":true,\"add\":true,\"delete\":true,\"details\":\"{}\",\"relation_type\":null,\"destination_table\":null,\"destination_table_column\":null,\"destination_table_display_column\":null,\"destination_table_display_more_column\":null,\"order\":5,\"set_relation\":false},{\"label\":\"jabatan\",\"value\":\"jabatan\",\"field\":\"jabatan\",\"type\":\"text\",\"display_name\":\"Jabatan\",\"required\":true,\"browse\":true,\"read\":true,\"edit\":true,\"add\":true,\"delete\":true,\"details\":\"{}\",\"relation_type\":null,\"destination_table\":null,\"destination_table_column\":null,\"destination_table_display_column\":null,\"destination_table_display_more_column\":null,\"order\":6,\"set_relation\":false},{\"label\":\"no_sk\",\"value\":\"no_sk\",\"field\":\"no_sk\",\"type\":\"text\",\"display_name\":\"No Sk\",\"required\":true,\"browse\":true,\"read\":true,\"edit\":true,\"add\":true,\"delete\":true,\"details\":\"{}\",\"relation_type\":null,\"destination_table\":null,\"destination_table_column\":null,\"destination_table_display_column\":null,\"destination_table_display_more_column\":null,\"order\":7,\"set_relation\":false},{\"label\":\"ttl\",\"value\":\"ttl\",\"field\":\"ttl\",\"type\":\"text\",\"display_name\":\"Ttl\",\"required\":true,\"browse\":true,\"read\":true,\"edit\":true,\"add\":true,\"delete\":true,\"details\":\"{}\",\"relation_type\":null,\"destination_table\":null,\"destination_table_column\":null,\"destination_table_display_column\":null,\"destination_table_display_more_column\":null,\"order\":8,\"set_relation\":false},{\"label\":\"gender\",\"value\":\"gender\",\"field\":\"gender\",\"type\":\"text\",\"display_name\":\"Gender\",\"required\":true,\"browse\":true,\"read\":true,\"edit\":true,\"add\":true,\"delete\":true,\"details\":\"{}\",\"relation_type\":null,\"destination_table\":null,\"destination_table_column\":null,\"destination_table_display_column\":null,\"destination_table_display_more_column\":null,\"order\":9,\"set_relation\":false},{\"label\":\"golongan_darah\",\"value\":\"golongan_darah\",\"field\":\"golongan_darah\",\"type\":\"text\",\"display_name\":\"Golongan Darah\",\"required\":true,\"browse\":true,\"read\":true,\"edit\":true,\"add\":true,\"delete\":true,\"details\":\"{}\",\"relation_type\":null,\"destination_table\":null,\"destination_table_column\":null,\"destination_table_display_column\":null,\"destination_table_display_more_column\":null,\"order\":10,\"set_relation\":false},{\"label\":\"agama\",\"value\":\"agama\",\"field\":\"agama\",\"type\":\"text\",\"display_name\":\"Agama\",\"required\":true,\"browse\":true,\"read\":true,\"edit\":true,\"add\":true,\"delete\":true,\"details\":\"{}\",\"relation_type\":null,\"destination_table\":null,\"destination_table_column\":null,\"destination_table_display_column\":null,\"destination_table_display_more_column\":null,\"order\":11,\"set_relation\":false},{\"label\":\"kewarganegaraan\",\"value\":\"kewarganegaraan\",\"field\":\"kewarganegaraan\",\"type\":\"text\",\"display_name\":\"Kewarganegaraan\",\"required\":true,\"browse\":true,\"read\":true,\"edit\":true,\"add\":true,\"delete\":true,\"details\":\"{}\",\"relation_type\":null,\"destination_table\":null,\"destination_table_column\":null,\"destination_table_display_column\":null,\"destination_table_display_more_column\":null,\"order\":12,\"set_relation\":false},{\"label\":\"status\",\"value\":\"status\",\"field\":\"status\",\"type\":\"text\",\"display_name\":\"Status\",\"required\":true,\"browse\":true,\"read\":true,\"edit\":true,\"add\":true,\"delete\":true,\"details\":\"{}\",\"relation_type\":null,\"destination_table\":null,\"destination_table_column\":null,\"destination_table_display_column\":null,\"destination_table_display_more_column\":null,\"order\":13,\"set_relation\":false},{\"label\":\"is_kades\",\"value\":\"is_kades\",\"field\":\"is_kades\",\"type\":\"checkbox\",\"display_name\":\"Is Kades\",\"required\":true,\"browse\":false,\"read\":false,\"edit\":true,\"add\":true,\"delete\":true,\"details\":\"{}\",\"relation_type\":null,\"destination_table\":null,\"destination_table_column\":null,\"destination_table_display_column\":null,\"destination_table_display_more_column\":null,\"order\":14,\"set_relation\":false},{\"label\":\"created_at\",\"value\":\"created_at\",\"field\":\"created_at\",\"type\":\"datetime\",\"display_name\":\"Created At\",\"required\":false,\"browse\":true,\"read\":true,\"edit\":false,\"add\":false,\"delete\":false,\"details\":\"{}\",\"relation_type\":null,\"destination_table\":null,\"destination_table_column\":null,\"destination_table_display_column\":null,\"destination_table_display_more_column\":null,\"order\":15,\"set_relation\":false},{\"label\":\"updated_at\",\"value\":\"updated_at\",\"field\":\"updated_at\",\"type\":\"datetime\",\"display_name\":\"Updated At\",\"required\":false,\"browse\":true,\"read\":true,\"edit\":false,\"add\":false,\"delete\":false,\"details\":\"{}\",\"relation_type\":null,\"destination_table\":null,\"destination_table_column\":null,\"destination_table_display_column\":null,\"destination_table_display_more_column\":null,\"order\":16,\"set_relation\":false}],\"display_name_singular\":\"Perangkat Desa\",\"display_name_plural\":\"Perangkat Desa\",\"model_name\":null,\"policy_name\":null,\"order_column\":null,\"order_display_column\":null,\"order_direction\":null,\"generate_permissions\":true,\"server_side\":false,\"is_maintenance\":0,\"is_soft_delete\":0,\"created_at\":\"2023-01-18T15:15:16.000000Z\",\"updated_at\":\"2023-01-18T15:39:19.000000Z\",\"data_rows\":[{\"id\":98,\"data_type_id\":8,\"field\":\"id\",\"type\":\"number\",\"display_name\":\"Id\",\"required\":1,\"browse\":1,\"read\":1,\"edit\":0,\"add\":0,\"delete\":0,\"details\":\"{}\",\"relation\":null,\"order\":1},{\"id\":99,\"data_type_id\":8,\"field\":\"nama\",\"type\":\"text\",\"display_name\":\"Nama\",\"required\":1,\"browse\":1,\"read\":1,\"edit\":1,\"add\":1,\"delete\":1,\"details\":\"{}\",\"relation\":null,\"order\":2},{\"id\":100,\"data_type_id\":8,\"field\":\"images\",\"type\":\"upload_image\",\"display_name\":\"Images\",\"required\":1,\"browse\":1,\"read\":1,\"edit\":1,\"add\":1,\"delete\":1,\"details\":\"{}\",\"relation\":null,\"order\":3},{\"id\":101,\"data_type_id\":8,\"field\":\"no_telp\",\"type\":\"text\",\"display_name\":\"No Telp\",\"required\":1,\"browse\":1,\"read\":1,\"edit\":1,\"add\":1,\"delete\":1,\"details\":\"{}\",\"relation\":null,\"order\":4},{\"id\":102,\"data_type_id\":8,\"field\":\"nik\",\"type\":\"text\",\"display_name\":\"Nik\",\"required\":1,\"browse\":1,\"read\":1,\"edit\":1,\"add\":1,\"delete\":1,\"details\":\"{}\",\"relation\":null,\"order\":5},{\"id\":103,\"data_type_id\":8,\"field\":\"jabatan\",\"type\":\"text\",\"display_name\":\"Jabatan\",\"required\":1,\"browse\":1,\"read\":1,\"edit\":1,\"add\":1,\"delete\":1,\"details\":\"{}\",\"relation\":null,\"order\":6},{\"id\":104,\"data_type_id\":8,\"field\":\"no_sk\",\"type\":\"text\",\"display_name\":\"No Sk\",\"required\":1,\"browse\":1,\"read\":1,\"edit\":1,\"add\":1,\"delete\":1,\"details\":\"{}\",\"relation\":null,\"order\":7},{\"id\":105,\"data_type_id\":8,\"field\":\"ttl\",\"type\":\"text\",\"display_name\":\"Ttl\",\"required\":1,\"browse\":1,\"read\":1,\"edit\":1,\"add\":1,\"delete\":1,\"details\":\"{}\",\"relation\":null,\"order\":8},{\"id\":106,\"data_type_id\":8,\"field\":\"gender\",\"type\":\"text\",\"display_name\":\"Gender\",\"required\":1,\"browse\":1,\"read\":1,\"edit\":1,\"add\":1,\"delete\":1,\"details\":\"{}\",\"relation\":null,\"order\":9},{\"id\":107,\"data_type_id\":8,\"field\":\"golongan_darah\",\"type\":\"text\",\"display_name\":\"Golongan Darah\",\"required\":1,\"browse\":1,\"read\":1,\"edit\":1,\"add\":1,\"delete\":1,\"details\":\"{}\",\"relation\":null,\"order\":10},{\"id\":108,\"data_type_id\":8,\"field\":\"agama\",\"type\":\"text\",\"display_name\":\"Agama\",\"required\":1,\"browse\":1,\"read\":1,\"edit\":1,\"add\":1,\"delete\":1,\"details\":\"{}\",\"relation\":null,\"order\":11},{\"id\":109,\"data_type_id\":8,\"field\":\"kewarganegaraan\",\"type\":\"text\",\"display_name\":\"Kewarganegaraan\",\"required\":1,\"browse\":1,\"read\":1,\"edit\":1,\"add\":1,\"delete\":1,\"details\":\"{}\",\"relation\":null,\"order\":12},{\"id\":110,\"data_type_id\":8,\"field\":\"status\",\"type\":\"text\",\"display_name\":\"Status\",\"required\":1,\"browse\":1,\"read\":1,\"edit\":1,\"add\":1,\"delete\":1,\"details\":\"{}\",\"relation\":null,\"order\":13},{\"id\":111,\"data_type_id\":8,\"field\":\"is_kades\",\"type\":\"text\",\"display_name\":\"Is Kades\",\"required\":1,\"browse\":0,\"read\":0,\"edit\":1,\"add\":1,\"delete\":1,\"details\":\"{}\",\"relation\":null,\"order\":14},{\"id\":112,\"data_type_id\":8,\"field\":\"created_at\",\"type\":\"datetime\",\"display_name\":\"Created At\",\"required\":0,\"browse\":1,\"read\":1,\"edit\":0,\"add\":0,\"delete\":0,\"details\":\"{}\",\"relation\":null,\"order\":15},{\"id\":113,\"data_type_id\":8,\"field\":\"updated_at\",\"type\":\"datetime\",\"display_name\":\"Updated At\",\"required\":0,\"browse\":1,\"read\":1,\"edit\":0,\"add\":0,\"delete\":0,\"details\":\"{}\",\"relation\":null,\"order\":16}],\"create_soft_delete\":false}}',NULL,'2023-01-18 15:40:06','2023-01-18 15:40:06'),(88,'CRUD','CRUD table kepengurusan has been deleted',8,'Uasoft\\Badaso\\Models\\DataType','deleted',1,'Uasoft\\Badaso\\Models\\User','{\"attributes\":{\"id\":8,\"name\":\"kepengurusan\",\"slug\":\"kepengurusan\",\"display_name_singular\":\"Perangkat Desa\",\"display_name_plural\":\"Perangkat Desa\",\"icon\":null,\"model_name\":null,\"policy_name\":null,\"controller\":null,\"order_column\":null,\"order_display_column\":null,\"order_direction\":null,\"generate_permissions\":1,\"server_side\":0,\"is_maintenance\":0,\"description\":null,\"details\":null,\"notification\":\"[]\",\"is_soft_delete\":0,\"created_at\":\"2023-01-18T15:15:16.000000Z\",\"updated_at\":\"2023-01-18T15:40:05.000000Z\"}}',NULL,'2023-01-18 15:41:21','2023-01-18 15:41:21'),(89,'CRUD','CRUD table kepengurusan has been created',9,'Uasoft\\Badaso\\Models\\DataType','created',1,'Uasoft\\Badaso\\Models\\User','{\"attributes\":{\"name\":\"kepengurusan\",\"slug\":\"kepengurusan\",\"display_name_singular\":\"Kepengurusan\",\"display_name_plural\":\"Kepengurusan\",\"icon\":null,\"model_name\":null,\"policy_name\":null,\"controller\":null,\"order_column\":null,\"order_display_column\":null,\"order_direction\":null,\"generate_permissions\":true,\"server_side\":false,\"description\":null,\"details\":null,\"notification\":\"[]\",\"is_soft_delete\":false,\"updated_at\":\"2023-01-18T15:43:03.000000Z\",\"created_at\":\"2023-01-18T15:43:03.000000Z\",\"id\":9,\"data_rows\":[{\"id\":130,\"data_type_id\":9,\"field\":\"id\",\"type\":\"number\",\"display_name\":\"Id\",\"required\":1,\"browse\":1,\"read\":1,\"edit\":0,\"add\":0,\"delete\":0,\"details\":\"{}\",\"relation\":null,\"order\":1},{\"id\":131,\"data_type_id\":9,\"field\":\"nama\",\"type\":\"text\",\"display_name\":\"Nama\",\"required\":1,\"browse\":1,\"read\":1,\"edit\":1,\"add\":1,\"delete\":1,\"details\":\"{}\",\"relation\":null,\"order\":2},{\"id\":132,\"data_type_id\":9,\"field\":\"images\",\"type\":\"upload_image\",\"display_name\":\"Images\",\"required\":1,\"browse\":1,\"read\":1,\"edit\":1,\"add\":1,\"delete\":1,\"details\":\"{}\",\"relation\":null,\"order\":3},{\"id\":133,\"data_type_id\":9,\"field\":\"no_telp\",\"type\":\"text\",\"display_name\":\"No Telp\",\"required\":1,\"browse\":1,\"read\":1,\"edit\":1,\"add\":1,\"delete\":1,\"details\":\"{}\",\"relation\":null,\"order\":4},{\"id\":134,\"data_type_id\":9,\"field\":\"nik\",\"type\":\"text\",\"display_name\":\"Nik\",\"required\":1,\"browse\":0,\"read\":0,\"edit\":1,\"add\":1,\"delete\":1,\"details\":\"{}\",\"relation\":null,\"order\":5},{\"id\":135,\"data_type_id\":9,\"field\":\"jabatan\",\"type\":\"text\",\"display_name\":\"Jabatan\",\"required\":1,\"browse\":1,\"read\":1,\"edit\":1,\"add\":1,\"delete\":1,\"details\":\"{}\",\"relation\":null,\"order\":6},{\"id\":136,\"data_type_id\":9,\"field\":\"no_sk\",\"type\":\"text\",\"display_name\":\"No Sk\",\"required\":1,\"browse\":0,\"read\":0,\"edit\":1,\"add\":1,\"delete\":1,\"details\":\"{}\",\"relation\":null,\"order\":7},{\"id\":137,\"data_type_id\":9,\"field\":\"ttl\",\"type\":\"text\",\"display_name\":\"Tempat, tanggal lahir\",\"required\":1,\"browse\":0,\"read\":0,\"edit\":1,\"add\":1,\"delete\":1,\"details\":\"{}\",\"relation\":null,\"order\":8},{\"id\":138,\"data_type_id\":9,\"field\":\"gender\",\"type\":\"text\",\"display_name\":\"Gender\",\"required\":1,\"browse\":0,\"read\":0,\"edit\":1,\"add\":1,\"delete\":1,\"details\":\"{}\",\"relation\":null,\"order\":9},{\"id\":139,\"data_type_id\":9,\"field\":\"golongan_darah\",\"type\":\"text\",\"display_name\":\"Golongan Darah\",\"required\":1,\"browse\":0,\"read\":0,\"edit\":1,\"add\":1,\"delete\":1,\"details\":\"{}\",\"relation\":null,\"order\":10},{\"id\":140,\"data_type_id\":9,\"field\":\"agama\",\"type\":\"text\",\"display_name\":\"Agama\",\"required\":1,\"browse\":1,\"read\":1,\"edit\":1,\"add\":1,\"delete\":1,\"details\":\"{}\",\"relation\":null,\"order\":11},{\"id\":141,\"data_type_id\":9,\"field\":\"kewarganegaraan\",\"type\":\"text\",\"display_name\":\"Kewarganegaraan\",\"required\":1,\"browse\":1,\"read\":1,\"edit\":1,\"add\":1,\"delete\":1,\"details\":\"{}\",\"relation\":null,\"order\":12},{\"id\":142,\"data_type_id\":9,\"field\":\"status\",\"type\":\"text\",\"display_name\":\"Status\",\"required\":1,\"browse\":0,\"read\":0,\"edit\":1,\"add\":1,\"delete\":1,\"details\":\"{}\",\"relation\":null,\"order\":13},{\"id\":143,\"data_type_id\":9,\"field\":\"is_kades\",\"type\":\"number\",\"display_name\":\"Apakah ini kades?\",\"required\":1,\"browse\":0,\"read\":0,\"edit\":1,\"add\":1,\"delete\":1,\"details\":\"{}\",\"relation\":null,\"order\":14},{\"id\":144,\"data_type_id\":9,\"field\":\"created_at\",\"type\":\"datetime\",\"display_name\":\"Created At\",\"required\":0,\"browse\":1,\"read\":1,\"edit\":0,\"add\":0,\"delete\":0,\"details\":\"{}\",\"relation\":null,\"order\":15},{\"id\":145,\"data_type_id\":9,\"field\":\"updated_at\",\"type\":\"datetime\",\"display_name\":\"Updated At\",\"required\":0,\"browse\":1,\"read\":1,\"edit\":0,\"add\":0,\"delete\":0,\"details\":\"{}\",\"relation\":null,\"order\":16}]}}',NULL,'2023-01-18 15:43:04','2023-01-18 15:43:04'),(90,'Kepengurusan','Kepengurusan has been created',NULL,NULL,NULL,1,'Uasoft\\Badaso\\Models\\User','{\"attributes\":{\"id\":1,\"nama\":\"H. Pardi\",\"images\":\"http:\\/\\/localhost\\/storage\\/photos\\/shares\\/IMAGE.png\",\"no_telp\":\"6287777570177\",\"nik\":\"3327032711810003\",\"jabatan\":\"Kepala Desa\",\"no_sk\":\"141\\/1277\\/tahun 2018\",\"ttl\":\"Pemalang, 27-11-1981\",\"gender\":\"Laki-Laki\",\"golongan_darah\":\"O\",\"agama\":\"Islam\",\"kewarganegaraan\":\"Indonesia\",\"status\":\"Kawin\",\"is_kades\":1,\"created_at\":\"2023-01-18 15:44:55\",\"updated_at\":\"2023-01-18 15:44:55\"}}',NULL,'2023-01-18 15:44:55','2023-01-18 15:44:55'),(91,'Kepengurusan','Kepengurusan has been created',NULL,NULL,NULL,1,'Uasoft\\Badaso\\Models\\User','{\"attributes\":{\"id\":2,\"nama\":\"SUTOMO\",\"images\":\"http:\\/\\/localhost\\/storage\\/photos\\/shares\\/default-user.png\",\"no_telp\":\"08571832168\",\"nik\":\"1233312312312\",\"jabatan\":\"Sekertaris Desa\",\"no_sk\":\"SK\\/2022\",\"ttl\":\"malang, 08 juli 1987\",\"gender\":\"Laki-Laki\",\"golongan_darah\":\"AB\",\"agama\":\"Islam\",\"kewarganegaraan\":\"Indonesia\",\"status\":\"Kawin\",\"is_kades\":0,\"created_at\":\"2023-01-18 15:50:12\",\"updated_at\":\"2023-01-18 15:50:12\"}}',NULL,'2023-01-18 15:50:12','2023-01-18 15:50:12'),(92,'Kepengurusan','Kepengurusan has been created',NULL,NULL,NULL,1,'Uasoft\\Badaso\\Models\\User','{\"attributes\":{\"id\":3,\"nama\":\"Umi Indarwati\",\"images\":\"http:\\/\\/localhost\\/storage\\/photos\\/shares\\/default-user.png\",\"no_telp\":\"085712387213\",\"nik\":\"123321818718771\",\"jabatan\":\"Kaur Umum dan Tata Usaha\",\"no_sk\":\"SK\\/2023\",\"ttl\":\"malang, 09 November 1990\",\"gender\":\"Wanita\",\"golongan_darah\":\"B\",\"agama\":\"Islam\",\"kewarganegaraan\":\"Indonesia\",\"status\":\"Kawin\",\"is_kades\":0,\"created_at\":\"2023-01-18 15:51:20\",\"updated_at\":\"2023-01-18 15:51:20\"}}',NULL,'2023-01-18 15:51:20','2023-01-18 15:51:20'),(93,'Database','Add table kelembagaan has been created',NULL,NULL,'created',1,'Uasoft\\Badaso\\Models\\User','{\"attributes\":{\"table\":\"kelembagaan\",\"rows\":[{\"id\":\"id\",\"field_name\":\"id\",\"field_type\":\"bigint\",\"field_length\":null,\"field_null\":false,\"field_attribute\":true,\"field_increment\":true,\"field_index\":\"primary\",\"field_default\":null,\"undeletable\":true},{\"id\":\"5d441598-8068-46a2-a98f-8b85dfd4595e\",\"field_name\":\"nama\",\"field_type\":\"varchar\",\"field_length\":\"100\",\"field_null\":false,\"field_attribute\":false,\"field_increment\":false,\"field_index\":null,\"field_default\":null},{\"id\":\"771ddf75-f7dc-44e0-a12f-e50b464d5d9c\",\"field_name\":\"caption\",\"field_type\":\"varchar\",\"field_length\":\"100\",\"field_null\":false,\"field_attribute\":false,\"field_increment\":false,\"field_index\":null,\"field_default\":null},{\"id\":\"da79dcab-418b-4586-81a0-248c3adf9a94\",\"field_name\":\"logo\",\"field_type\":\"varchar\",\"field_length\":\"255\",\"field_null\":false,\"field_attribute\":false,\"field_increment\":false,\"field_index\":null,\"field_default\":null},{\"field_name\":\"created_at\",\"field_type\":\"timestamp\",\"field_length\":null,\"field_null\":true,\"field_attribute\":false,\"field_increment\":false,\"field_index\":null,\"field_default\":null,\"undeletable\":true,\"indexes\":true},{\"field_name\":\"updated_at\",\"field_type\":\"timestamp\",\"field_length\":null,\"field_null\":true,\"field_attribute\":false,\"field_increment\":false,\"field_index\":null,\"field_default\":null,\"undeletable\":true}],\"relations\":[]}}',NULL,'2023-01-18 16:23:19','2023-01-18 16:23:19'),(94,'Database','Add table demografi has been created',NULL,NULL,'created',1,'Uasoft\\Badaso\\Models\\User','{\"attributes\":{\"table\":\"demografi\",\"rows\":[{\"id\":\"id\",\"field_name\":\"id\",\"field_type\":\"bigint\",\"field_length\":null,\"field_null\":false,\"field_attribute\":true,\"field_increment\":true,\"field_index\":\"primary\",\"field_default\":null,\"undeletable\":true},{\"id\":\"597ac6c2-7a67-4453-9a03-6be7a2599d09\",\"field_name\":\"section\",\"field_type\":\"varchar\",\"field_length\":\"50\",\"field_null\":false,\"field_attribute\":false,\"field_increment\":false,\"field_index\":null,\"field_default\":null},{\"id\":\"02fb3b07-59b3-4cab-8e88-4e443831cd2f\",\"field_name\":\"total_terintegrasi\",\"field_type\":\"integer\",\"field_length\":null,\"field_null\":false,\"field_attribute\":false,\"field_increment\":false,\"field_index\":null,\"field_default\":null},{\"id\":\"22e423d8-385b-413b-9202-e00de6401be1\",\"field_name\":\"chart1\",\"field_type\":\"varchar\",\"field_length\":\"255\",\"field_null\":false,\"field_attribute\":false,\"field_increment\":false,\"field_index\":null,\"field_default\":null},{\"id\":\"0637c8f7-817a-42a8-b2df-0524ff4a2c2e\",\"field_name\":\"chart2\",\"field_type\":\"varchar\",\"field_length\":\"255\",\"field_null\":false,\"field_attribute\":false,\"field_increment\":false,\"field_index\":null,\"field_default\":null},{\"field_name\":\"created_at\",\"field_type\":\"timestamp\",\"field_length\":null,\"field_null\":true,\"field_attribute\":false,\"field_increment\":false,\"field_index\":null,\"field_default\":null,\"undeletable\":true,\"indexes\":true},{\"field_name\":\"updated_at\",\"field_type\":\"timestamp\",\"field_length\":null,\"field_null\":true,\"field_attribute\":false,\"field_increment\":false,\"field_index\":null,\"field_default\":null,\"undeletable\":true}],\"relations\":[]}}',NULL,'2023-01-18 16:25:32','2023-01-18 16:25:32'),(95,'CRUD','CRUD table demografi has been created',10,'Uasoft\\Badaso\\Models\\DataType','created',1,'Uasoft\\Badaso\\Models\\User','{\"attributes\":{\"name\":\"demografi\",\"slug\":\"demografi\",\"display_name_singular\":\"Demografi\",\"display_name_plural\":\"Demografi\",\"icon\":null,\"model_name\":null,\"policy_name\":null,\"controller\":null,\"order_column\":null,\"order_display_column\":null,\"order_direction\":null,\"generate_permissions\":true,\"server_side\":false,\"description\":null,\"details\":null,\"notification\":\"[]\",\"is_soft_delete\":false,\"updated_at\":\"2023-01-18T16:26:02.000000Z\",\"created_at\":\"2023-01-18T16:26:02.000000Z\",\"id\":10,\"data_rows\":[{\"id\":146,\"data_type_id\":10,\"field\":\"id\",\"type\":\"number\",\"display_name\":\"Id\",\"required\":1,\"browse\":1,\"read\":1,\"edit\":0,\"add\":0,\"delete\":0,\"details\":\"{}\",\"relation\":null,\"order\":1},{\"id\":147,\"data_type_id\":10,\"field\":\"section\",\"type\":\"text\",\"display_name\":\"Section\",\"required\":1,\"browse\":1,\"read\":1,\"edit\":1,\"add\":1,\"delete\":1,\"details\":\"{}\",\"relation\":null,\"order\":2},{\"id\":148,\"data_type_id\":10,\"field\":\"total_terintegrasi\",\"type\":\"number\",\"display_name\":\"Total Terintegrasi\",\"required\":1,\"browse\":1,\"read\":1,\"edit\":1,\"add\":1,\"delete\":1,\"details\":\"{}\",\"relation\":null,\"order\":3},{\"id\":149,\"data_type_id\":10,\"field\":\"chart1\",\"type\":\"upload_image\",\"display_name\":\"Chart1\",\"required\":1,\"browse\":1,\"read\":1,\"edit\":1,\"add\":1,\"delete\":1,\"details\":\"{}\",\"relation\":null,\"order\":4},{\"id\":150,\"data_type_id\":10,\"field\":\"chart2\",\"type\":\"upload_image\",\"display_name\":\"Chart2\",\"required\":1,\"browse\":1,\"read\":1,\"edit\":1,\"add\":1,\"delete\":1,\"details\":\"{}\",\"relation\":null,\"order\":5},{\"id\":151,\"data_type_id\":10,\"field\":\"created_at\",\"type\":\"datetime\",\"display_name\":\"Created At\",\"required\":0,\"browse\":1,\"read\":1,\"edit\":0,\"add\":0,\"delete\":0,\"details\":\"{}\",\"relation\":null,\"order\":6},{\"id\":152,\"data_type_id\":10,\"field\":\"updated_at\",\"type\":\"datetime\",\"display_name\":\"Updated At\",\"required\":0,\"browse\":1,\"read\":1,\"edit\":0,\"add\":0,\"delete\":0,\"details\":\"{}\",\"relation\":null,\"order\":7}]}}',NULL,'2023-01-18 16:26:03','2023-01-18 16:26:03'),(96,'CRUD','CRUD table kelembagaan has been created',11,'Uasoft\\Badaso\\Models\\DataType','created',1,'Uasoft\\Badaso\\Models\\User','{\"attributes\":{\"name\":\"kelembagaan\",\"slug\":\"kelembagaan\",\"display_name_singular\":\"Kelembagaan\",\"display_name_plural\":\"Kelembagaan\",\"icon\":null,\"model_name\":null,\"policy_name\":null,\"controller\":null,\"order_column\":null,\"order_display_column\":null,\"order_direction\":null,\"generate_permissions\":true,\"server_side\":false,\"description\":null,\"details\":null,\"notification\":\"[]\",\"is_soft_delete\":false,\"updated_at\":\"2023-01-18T16:26:24.000000Z\",\"created_at\":\"2023-01-18T16:26:24.000000Z\",\"id\":11,\"data_rows\":[{\"id\":153,\"data_type_id\":11,\"field\":\"id\",\"type\":\"number\",\"display_name\":\"Id\",\"required\":1,\"browse\":0,\"read\":0,\"edit\":0,\"add\":0,\"delete\":0,\"details\":\"{}\",\"relation\":null,\"order\":1},{\"id\":154,\"data_type_id\":11,\"field\":\"nama\",\"type\":\"text\",\"display_name\":\"Nama\",\"required\":1,\"browse\":1,\"read\":1,\"edit\":1,\"add\":1,\"delete\":1,\"details\":\"{}\",\"relation\":null,\"order\":2},{\"id\":155,\"data_type_id\":11,\"field\":\"caption\",\"type\":\"text\",\"display_name\":\"Caption\",\"required\":1,\"browse\":1,\"read\":1,\"edit\":1,\"add\":1,\"delete\":1,\"details\":\"{}\",\"relation\":null,\"order\":3},{\"id\":156,\"data_type_id\":11,\"field\":\"logo\",\"type\":\"upload_image\",\"display_name\":\"Logo\",\"required\":1,\"browse\":1,\"read\":1,\"edit\":1,\"add\":1,\"delete\":1,\"details\":\"{}\",\"relation\":null,\"order\":4},{\"id\":157,\"data_type_id\":11,\"field\":\"created_at\",\"type\":\"datetime\",\"display_name\":\"Created At\",\"required\":0,\"browse\":1,\"read\":1,\"edit\":0,\"add\":0,\"delete\":0,\"details\":\"{}\",\"relation\":null,\"order\":5},{\"id\":158,\"data_type_id\":11,\"field\":\"updated_at\",\"type\":\"datetime\",\"display_name\":\"Updated At\",\"required\":0,\"browse\":1,\"read\":1,\"edit\":0,\"add\":0,\"delete\":0,\"details\":\"{}\",\"relation\":null,\"order\":6}]}}',NULL,'2023-01-18 16:26:25','2023-01-18 16:26:25'),(97,'Demografi','Demografi has been created',NULL,NULL,NULL,1,'Uasoft\\Badaso\\Models\\User','{\"attributes\":{\"id\":1,\"section\":\"agama\",\"total_terintegrasi\":3489,\"chart1\":\"http:\\/\\/localhost\\/storage\\/photos\\/shares\\/Screenshot 2023-01-18 at 23.26.55.png\",\"chart2\":\"http:\\/\\/localhost\\/storage\\/photos\\/shares\\/Screenshot 2023-01-18 at 23.27.03.png\",\"created_at\":\"2023-01-18 16:28:05\",\"updated_at\":\"2023-01-18 16:28:05\"}}',NULL,'2023-01-18 16:28:05','2023-01-18 16:28:05'),(98,'Demografi','Demografi has been created',NULL,NULL,NULL,1,'Uasoft\\Badaso\\Models\\User','{\"attributes\":{\"id\":2,\"section\":\"pekerjaan\",\"total_terintegrasi\":3841,\"chart1\":\"http:\\/\\/localhost\\/storage\\/photos\\/shares\\/Screenshot 2023-01-18 at 23.28.27.png\",\"chart2\":\"http:\\/\\/localhost\\/storage\\/photos\\/shares\\/Screenshot 2023-01-18 at 23.28.39.png\",\"created_at\":\"2023-01-18 16:29:20\",\"updated_at\":\"2023-01-18 16:29:20\"}}',NULL,'2023-01-18 16:29:20','2023-01-18 16:29:20'),(99,'Demografi','Demografi has been created',NULL,NULL,NULL,1,'Uasoft\\Badaso\\Models\\User','{\"attributes\":{\"id\":3,\"section\":\"gender\",\"total_terintegrasi\":3489,\"chart1\":\"http:\\/\\/localhost\\/storage\\/photos\\/shares\\/Screenshot 2023-01-18 at 23.29.37.png\",\"chart2\":\"http:\\/\\/localhost\\/storage\\/photos\\/shares\\/Screenshot 2023-01-18 at 23.29.46.png\",\"created_at\":\"2023-01-18 16:30:24\",\"updated_at\":\"2023-01-18 16:30:24\"}}',NULL,'2023-01-18 16:30:24','2023-01-18 16:30:24'),(100,'Kelembagaan','Kelembagaan has been created',NULL,NULL,NULL,1,'Uasoft\\Badaso\\Models\\User','{\"attributes\":{\"id\":1,\"nama\":\"BPD\",\"caption\":\"Badan Permusyawaratan Desa\",\"logo\":\"http:\\/\\/localhost\\/storage\\/photos\\/shares\\/logo (1).png\",\"created_at\":\"2023-01-18 16:31:12\",\"updated_at\":\"2023-01-18 16:31:12\"}}',NULL,'2023-01-18 16:31:12','2023-01-18 16:31:12'),(101,'Kelembagaan','Kelembagaan has been created',NULL,NULL,NULL,1,'Uasoft\\Badaso\\Models\\User','{\"attributes\":{\"id\":2,\"nama\":\"LMPD\",\"caption\":\"Lembaga Pemberdayaan Masyarakat Desa\",\"logo\":\"http:\\/\\/localhost\\/storage\\/photos\\/shares\\/logo (1).png\",\"created_at\":\"2023-01-18 16:31:40\",\"updated_at\":\"2023-01-18 16:31:40\"}}',NULL,'2023-01-18 16:31:40','2023-01-18 16:31:40'),(102,'Kelembagaan','Kelembagaan has been created',NULL,NULL,NULL,1,'Uasoft\\Badaso\\Models\\User','{\"attributes\":{\"id\":3,\"nama\":\"PKK\",\"caption\":\"Pemberdayaan Kesejahteraan Keluarga\",\"logo\":\"http:\\/\\/localhost\\/storage\\/photos\\/shares\\/logo (1).png\",\"created_at\":\"2023-01-18 16:31:59\",\"updated_at\":\"2023-01-18 16:31:59\"}}',NULL,'2023-01-18 16:31:59','2023-01-18 16:31:59'),(103,'Kelembagaan','Kelembagaan has been created',NULL,NULL,NULL,1,'Uasoft\\Badaso\\Models\\User','{\"attributes\":{\"id\":4,\"nama\":\"Karang Taruna\",\"caption\":\"Karang Taruna Desa Genilangit\",\"logo\":\"http:\\/\\/localhost\\/storage\\/photos\\/shares\\/logo (1).png\",\"created_at\":\"2023-01-18 16:32:22\",\"updated_at\":\"2023-01-18 16:32:22\"}}',NULL,'2023-01-18 16:32:22','2023-01-18 16:32:22'),(104,'Kelembagaan','Kelembagaan has been created',NULL,NULL,NULL,1,'Uasoft\\Badaso\\Models\\User','{\"attributes\":{\"id\":5,\"nama\":\"RT RW\",\"caption\":\"RT & RW  Desa Genilangit\",\"logo\":\"http:\\/\\/localhost\\/storage\\/photos\\/shares\\/logo (1).png\",\"created_at\":\"2023-01-18 16:32:41\",\"updated_at\":\"2023-01-18 16:32:41\"}}',NULL,'2023-01-18 16:32:41','2023-01-18 16:32:41'),(105,'Kelembagaan','Kelembagaan has been created',NULL,NULL,NULL,1,'Uasoft\\Badaso\\Models\\User','{\"attributes\":{\"id\":6,\"nama\":\"LIMNAS\",\"caption\":\"Perlindungan Masyarakat Desa Genilangit\",\"logo\":\"http:\\/\\/localhost\\/storage\\/photos\\/shares\\/logo (1).png\",\"created_at\":\"2023-01-18 16:33:02\",\"updated_at\":\"2023-01-18 16:33:02\"}}',NULL,'2023-01-18 16:33:02','2023-01-18 16:33:02'),(106,'Kelembagaan','Kelembagaan has been created',NULL,NULL,NULL,1,'Uasoft\\Badaso\\Models\\User','{\"attributes\":{\"id\":7,\"nama\":\"POSYANDU\",\"caption\":\"Pos Pelayanan Terpadu Genilangit\",\"logo\":\"http:\\/\\/localhost\\/storage\\/photos\\/shares\\/logo (1).png\",\"created_at\":\"2023-01-18 16:33:24\",\"updated_at\":\"2023-01-18 16:33:24\"}}',NULL,'2023-01-18 16:33:24','2023-01-18 16:33:24'),(107,'Kelembagaan','Kelembagaan has been created',NULL,NULL,NULL,1,'Uasoft\\Badaso\\Models\\User','{\"attributes\":{\"id\":8,\"nama\":\"BUMDES\",\"caption\":\"BUMDesa Desa Genilangit\",\"logo\":\"http:\\/\\/localhost\\/storage\\/photos\\/shares\\/logo (1).png\",\"created_at\":\"2023-01-18 16:33:50\",\"updated_at\":\"2023-01-18 16:33:50\"}}',NULL,'2023-01-18 16:33:50','2023-01-18 16:33:50'),(108,'Kelembagaan','Kelembagaan has been created',NULL,NULL,NULL,1,'Uasoft\\Badaso\\Models\\User','{\"attributes\":{\"id\":9,\"nama\":\"POKDARWIS\",\"caption\":\"Kelompok Sadar Wisata  Desa Genilangit\",\"logo\":\"http:\\/\\/localhost\\/storage\\/photos\\/shares\\/logo (1).png\",\"created_at\":\"2023-01-18 16:34:13\",\"updated_at\":\"2023-01-18 16:34:13\"}}',NULL,'2023-01-18 16:34:13','2023-01-18 16:34:13'),(109,'Role Permissions','Role admin has been created or updated',NULL,NULL,'created or updated',1,'Uasoft\\Badaso\\Models\\User','{\"attributes\":{\"roleId\":2,\"permissions\":[74,75,76,77,78,80,81,82,86,87,88,89,90,92,93,94,95,96,104,105,106,107,108,110,111,112,116,117,118,119,120],\"role_id\":2}}',NULL,'2023-01-18 16:35:42','2023-01-18 16:35:42'),(110,'Role Permissions','Role admin has been created or updated',NULL,NULL,'created or updated',1,'Uasoft\\Badaso\\Models\\User','{\"attributes\":{\"roleId\":2,\"permissions\":[74,75,76,77,78,80,81,82,86,87,88,89,90,92,93,94,95,96,104,105,106,107,108,110,111,112,116,117,118,119,120],\"role_id\":2}}',NULL,'2023-01-18 16:42:03','2023-01-18 16:42:03');
/*!40000 ALTER TABLE `activity_log` ENABLE KEYS */;
UNLOCK TABLES;

--
-- Table structure for table `badaso_configurations`
--

DROP TABLE IF EXISTS `badaso_configurations`;
/*!40101 SET @saved_cs_client     = @@character_set_client */;
/*!50503 SET character_set_client = utf8mb4 */;
CREATE TABLE `badaso_configurations` (
  `id` bigint unsigned NOT NULL AUTO_INCREMENT,
  `key` varchar(255) COLLATE utf8mb4_unicode_ci NOT NULL,
  `display_name` varchar(255) COLLATE utf8mb4_unicode_ci NOT NULL,
  `value` text COLLATE utf8mb4_unicode_ci,
  `details` text COLLATE utf8mb4_unicode_ci,
  `type` varchar(255) COLLATE utf8mb4_unicode_ci NOT NULL,
  `order` int NOT NULL DEFAULT '1',
  `group` varchar(255) COLLATE utf8mb4_unicode_ci DEFAULT NULL,
  `can_delete` tinyint(1) NOT NULL DEFAULT '0',
  `created_at` timestamp NULL DEFAULT NULL,
  `updated_at` timestamp NULL DEFAULT NULL,
  PRIMARY KEY (`id`),
  UNIQUE KEY `badaso_configurations_key_unique` (`key`)
) ENGINE=InnoDB AUTO_INCREMENT=13 DEFAULT CHARSET=utf8mb4 COLLATE=utf8mb4_unicode_ci;
/*!40101 SET character_set_client = @saved_cs_client */;

--
-- Dumping data for table `badaso_configurations`
--

LOCK TABLES `badaso_configurations` WRITE;
/*!40000 ALTER TABLE `badaso_configurations` DISABLE KEYS */;
INSERT INTO `badaso_configurations` VALUES (1,'adminPanelTitle','Admin Panel Title','Desa Genilangit Dashboard','null','text',1,'adminPanel',0,'2023-01-14 17:52:28','2023-01-15 12:43:01'),(2,'adminPanelDescription','Admin Panel Description','Landing page desa genilangit','null','text',2,'adminPanel',0,'2023-01-14 17:52:28','2023-01-15 12:43:01'),(3,'adminPanelLogo','Admin Panel Logo','http://localhost/images/logo.png','{\"type\":\"shares-only\"}','upload_image',3,'adminPanel',0,'2023-01-14 17:52:28','2023-01-15 12:43:01'),(4,'adminPanelHeaderColor','Admin Panel Header Color','#ffffff','null','color_picker',4,'adminPanel',0,'2023-01-14 17:52:28','2023-01-15 12:43:01'),(5,'adminPanelHeaderFontColor','Admin Panel Header Font Color','#06bbd3','null','color_picker',5,'adminPanel',0,'2023-01-14 17:52:28','2023-01-15 12:43:01'),(6,'adminPanelVerifyEmail','Should verify email after register','0','null','switch',6,'adminPanel',0,'2023-01-14 17:52:28','2023-01-15 13:50:00'),(7,'adminPanelLogoConfig','Admin Panel Logo Config','logo_only','{\"items\":[{\"label\":\"Logo Only\",\"value\":\"logo_only\"},{\"label\":\"Text Only\",\"value\":\"text_only\"},{\"label\":\"Logo & Text\",\"value\":\"logo_and_text\"}]}','select',1,'adminPanel',0,'2023-01-14 17:52:28','2023-01-14 17:52:28'),(8,'favicon','Favicon','http://localhost/images/logo.png','{\"type\":\"shares-only\"}','upload_image',7,'adminPanel',0,'2023-01-14 17:52:28','2023-01-15 12:43:01'),(9,'maintenance','Maintenance for all pages.','0','\"Admin still can access the dashboard.\"','switch',8,'adminPanel',0,'2023-01-14 17:52:28','2023-01-15 13:50:00'),(10,'authBackgroundImage','Background image for login page.','http://localhost/storage/photos/shares/prestasi.svg','\"Admin still can access the dashboard.\"','upload_image',9,'adminPanel',0,'2023-01-14 17:52:28','2023-01-15 13:50:00'),(11,'maintenanceImage','Image for maintenance page','storage/photos/shares/maintenance.png','{\"type\":\"shares-only\"}','upload_image',10,'adminPanel',0,'2023-01-14 17:52:28','2023-01-15 13:50:00'),(12,'defaultRoleRegistration','Default Role Registration','customer','{\"items\":[{\"label\":\"Administrator\",\"value\":\"administrator\"},{\"label\":\"Admin\",\"value\":\"admin\"}]}','select',1,'adminPanel',0,'2023-01-14 17:52:28','2023-01-15 13:50:00');
/*!40000 ALTER TABLE `badaso_configurations` ENABLE KEYS */;
UNLOCK TABLES;

--
-- Table structure for table `badaso_data_rows`
--

DROP TABLE IF EXISTS `badaso_data_rows`;
/*!40101 SET @saved_cs_client     = @@character_set_client */;
/*!50503 SET character_set_client = utf8mb4 */;
CREATE TABLE `badaso_data_rows` (
  `id` bigint unsigned NOT NULL AUTO_INCREMENT,
  `data_type_id` bigint unsigned NOT NULL,
  `field` varchar(255) COLLATE utf8mb4_unicode_ci NOT NULL,
  `type` varchar(255) COLLATE utf8mb4_unicode_ci NOT NULL,
  `display_name` varchar(255) COLLATE utf8mb4_unicode_ci NOT NULL,
  `required` tinyint(1) NOT NULL DEFAULT '0',
  `browse` tinyint(1) NOT NULL DEFAULT '1',
  `read` tinyint(1) NOT NULL DEFAULT '1',
  `edit` tinyint(1) NOT NULL DEFAULT '1',
  `add` tinyint(1) NOT NULL DEFAULT '1',
  `delete` tinyint(1) NOT NULL DEFAULT '1',
  `details` text COLLATE utf8mb4_unicode_ci,
  `relation` text COLLATE utf8mb4_unicode_ci,
  `order` int NOT NULL DEFAULT '1',
  PRIMARY KEY (`id`),
  KEY `badaso_data_rows_data_type_id_foreign` (`data_type_id`),
  CONSTRAINT `badaso_data_rows_data_type_id_foreign` FOREIGN KEY (`data_type_id`) REFERENCES `badaso_data_types` (`id`) ON DELETE CASCADE ON UPDATE CASCADE
) ENGINE=InnoDB AUTO_INCREMENT=159 DEFAULT CHARSET=utf8mb4 COLLATE=utf8mb4_unicode_ci;
/*!40101 SET character_set_client = @saved_cs_client */;

--
-- Dumping data for table `badaso_data_rows`
--

LOCK TABLES `badaso_data_rows` WRITE;
/*!40000 ALTER TABLE `badaso_data_rows` DISABLE KEYS */;
INSERT INTO `badaso_data_rows` VALUES (46,4,'id','number','Id',1,1,1,0,0,0,'{}',NULL,1),(47,4,'title','text','Title',1,1,1,1,1,1,'{}',NULL,2),(48,4,'images','upload_image','Images',1,1,1,1,1,1,'{}',NULL,3),(49,4,'caption','textarea','Caption',1,1,1,1,1,1,'{}',NULL,4),(50,4,'writer','text','Writer',1,1,1,1,1,1,'{}',NULL,5),(51,4,'created_at','datetime','Created At',0,1,1,0,0,0,'{}',NULL,6),(52,4,'updated_at','datetime','Updated At',0,1,1,0,0,0,'{}',NULL,7),(61,6,'id','number','Id',1,1,1,0,0,0,'{}',NULL,1),(62,6,'title','text','Title',1,1,1,1,1,1,'{}',NULL,2),(63,6,'caption','textarea','Caption',1,1,1,1,1,1,'{}',NULL,3),(64,6,'images','upload_image','Images',1,1,1,1,1,1,'{}',NULL,4),(65,6,'videos','url','Videos',1,1,1,1,1,1,'{}',NULL,5),(66,6,'type','select','Type',1,1,1,1,1,1,'{}',NULL,6),(67,6,'created_at','datetime','Created At',0,1,1,0,0,0,'{}',NULL,7),(68,6,'updated_at','datetime','Updated At',0,1,1,0,0,0,'{}',NULL,8),(69,7,'id','number','Id',1,1,1,0,0,0,'{}',NULL,1),(70,7,'title','text','Title',1,1,1,1,1,1,'{}',NULL,2),(71,7,'images','upload_image','Images',1,1,1,1,1,1,'{}',NULL,3),(72,7,'created_at','datetime','Created At',0,1,1,0,0,0,'{}',NULL,4),(73,7,'updated_at','datetime','Updated At',0,1,1,0,0,0,'{}',NULL,5),(74,5,'id','number','Id',1,1,1,0,0,0,'{}',NULL,1),(75,5,'title','text','Title',1,1,1,1,1,1,'{}',NULL,2),(76,5,'caption','textarea','Caption',1,1,1,1,1,1,'{}',NULL,3),(77,5,'images','upload_image','Images',1,1,1,1,1,1,'{}',NULL,4),(78,5,'section','text','Section',1,1,1,0,1,0,'{}',NULL,5),(79,5,'link','url','Link',0,1,1,1,1,1,'{}',NULL,6),(80,5,'created_at','datetime','Created At',0,1,1,0,0,0,'{}',NULL,7),(81,5,'updated_at','datetime','Updated At',0,1,1,0,0,0,'{}',NULL,8),(130,9,'id','number','Id',1,1,1,0,0,0,'{}',NULL,1),(131,9,'nama','text','Nama',1,1,1,1,1,1,'{}',NULL,2),(132,9,'images','upload_image','Images',1,1,1,1,1,1,'{}',NULL,3),(133,9,'no_telp','text','No Telp',1,1,1,1,1,1,'{}',NULL,4),(134,9,'nik','text','Nik',1,0,0,1,1,1,'{}',NULL,5),(135,9,'jabatan','text','Jabatan',1,1,1,1,1,1,'{}',NULL,6),(136,9,'no_sk','text','No Sk',1,0,0,1,1,1,'{}',NULL,7),(137,9,'ttl','text','Tempat, tanggal lahir',1,0,0,1,1,1,'{}',NULL,8),(138,9,'gender','text','Gender',1,0,0,1,1,1,'{}',NULL,9),(139,9,'golongan_darah','text','Golongan Darah',1,0,0,1,1,1,'{}',NULL,10),(140,9,'agama','text','Agama',1,1,1,1,1,1,'{}',NULL,11),(141,9,'kewarganegaraan','text','Kewarganegaraan',1,1,1,1,1,1,'{}',NULL,12),(142,9,'status','text','Status',1,0,0,1,1,1,'{}',NULL,13),(143,9,'is_kades','number','Apakah ini kades?',1,0,0,1,1,1,'{}',NULL,14),(144,9,'created_at','datetime','Created At',0,1,1,0,0,0,'{}',NULL,15),(145,9,'updated_at','datetime','Updated At',0,1,1,0,0,0,'{}',NULL,16),(146,10,'id','number','Id',1,1,1,0,0,0,'{}',NULL,1),(147,10,'section','text','Section',1,1,1,1,1,1,'{}',NULL,2),(148,10,'total_terintegrasi','number','Total Terintegrasi',1,1,1,1,1,1,'{}',NULL,3),(149,10,'chart1','upload_image','Chart1',1,1,1,1,1,1,'{}',NULL,4),(150,10,'chart2','upload_image','Chart2',1,1,1,1,1,1,'{}',NULL,5),(151,10,'created_at','datetime','Created At',0,1,1,0,0,0,'{}',NULL,6),(152,10,'updated_at','datetime','Updated At',0,1,1,0,0,0,'{}',NULL,7),(153,11,'id','number','Id',1,0,0,0,0,0,'{}',NULL,1),(154,11,'nama','text','Nama',1,1,1,1,1,1,'{}',NULL,2),(155,11,'caption','text','Caption',1,1,1,1,1,1,'{}',NULL,3),(156,11,'logo','upload_image','Logo',1,1,1,1,1,1,'{}',NULL,4),(157,11,'created_at','datetime','Created At',0,1,1,0,0,0,'{}',NULL,5),(158,11,'updated_at','datetime','Updated At',0,1,1,0,0,0,'{}',NULL,6);
/*!40000 ALTER TABLE `badaso_data_rows` ENABLE KEYS */;
UNLOCK TABLES;

--
-- Table structure for table `badaso_data_types`
--

DROP TABLE IF EXISTS `badaso_data_types`;
/*!40101 SET @saved_cs_client     = @@character_set_client */;
/*!50503 SET character_set_client = utf8mb4 */;
CREATE TABLE `badaso_data_types` (
  `id` bigint unsigned NOT NULL AUTO_INCREMENT,
  `name` varchar(255) COLLATE utf8mb4_unicode_ci NOT NULL,
  `slug` varchar(255) COLLATE utf8mb4_unicode_ci NOT NULL,
  `display_name_singular` varchar(255) COLLATE utf8mb4_unicode_ci NOT NULL,
  `display_name_plural` varchar(255) COLLATE utf8mb4_unicode_ci NOT NULL,
  `icon` varchar(255) COLLATE utf8mb4_unicode_ci DEFAULT NULL,
  `model_name` varchar(255) COLLATE utf8mb4_unicode_ci DEFAULT NULL,
  `policy_name` varchar(255) COLLATE utf8mb4_unicode_ci DEFAULT NULL,
  `controller` varchar(255) COLLATE utf8mb4_unicode_ci DEFAULT NULL,
  `order_column` varchar(255) COLLATE utf8mb4_unicode_ci DEFAULT NULL,
  `order_display_column` varchar(255) COLLATE utf8mb4_unicode_ci DEFAULT NULL,
  `order_direction` enum('ASC','DESC') COLLATE utf8mb4_unicode_ci DEFAULT NULL,
  `generate_permissions` tinyint(1) NOT NULL DEFAULT '0',
  `server_side` tinyint NOT NULL DEFAULT '0',
  `is_maintenance` tinyint(1) NOT NULL DEFAULT '0',
  `description` text COLLATE utf8mb4_unicode_ci,
  `details` text COLLATE utf8mb4_unicode_ci,
  `notification` text COLLATE utf8mb4_unicode_ci,
  `is_soft_delete` tinyint(1) DEFAULT '0',
  `created_at` timestamp NULL DEFAULT NULL,
  `updated_at` timestamp NULL DEFAULT NULL,
  PRIMARY KEY (`id`),
  UNIQUE KEY `badaso_data_types_name_unique` (`name`),
  UNIQUE KEY `badaso_data_types_slug_unique` (`slug`)
) ENGINE=InnoDB AUTO_INCREMENT=12 DEFAULT CHARSET=utf8mb4 COLLATE=utf8mb4_unicode_ci;
/*!40101 SET character_set_client = @saved_cs_client */;

--
-- Dumping data for table `badaso_data_types`
--

LOCK TABLES `badaso_data_types` WRITE;
/*!40000 ALTER TABLE `badaso_data_types` DISABLE KEYS */;
INSERT INTO `badaso_data_types` VALUES (4,'news','news','Berita','Berita',NULL,NULL,NULL,NULL,NULL,NULL,NULL,1,0,0,NULL,NULL,'[]',0,'2023-01-15 13:17:38','2023-01-15 13:19:47'),(5,'content','content','Konten','Konten',NULL,NULL,NULL,NULL,NULL,NULL,NULL,1,0,0,NULL,NULL,'[]',0,'2023-01-16 15:30:48','2023-01-16 15:47:09'),(6,'gallery','gallery','Galeri','Galeri',NULL,NULL,NULL,NULL,NULL,NULL,NULL,1,0,0,NULL,NULL,'[]',0,'2023-01-16 15:39:58','2023-01-16 15:39:58'),(7,'destination','destination','Destinasi','Destinasi',NULL,NULL,NULL,NULL,NULL,NULL,NULL,1,0,0,NULL,NULL,'[]',0,'2023-01-16 15:40:30','2023-01-16 15:40:30'),(9,'kepengurusan','kepengurusan','Kepengurusan','Kepengurusan',NULL,NULL,NULL,NULL,NULL,NULL,NULL,1,0,0,NULL,NULL,'[]',0,'2023-01-18 15:43:03','2023-01-18 15:43:03'),(10,'demografi','demografi','Demografi','Demografi',NULL,NULL,NULL,NULL,NULL,NULL,NULL,1,0,0,NULL,NULL,'[]',0,'2023-01-18 16:26:02','2023-01-18 16:26:02'),(11,'kelembagaan','kelembagaan','Kelembagaan','Kelembagaan',NULL,NULL,NULL,NULL,NULL,NULL,NULL,1,0,0,NULL,NULL,'[]',0,'2023-01-18 16:26:24','2023-01-18 16:26:24');
/*!40000 ALTER TABLE `badaso_data_types` ENABLE KEYS */;
UNLOCK TABLES;

--
-- Table structure for table `badaso_email_resets`
--

DROP TABLE IF EXISTS `badaso_email_resets`;
/*!40101 SET @saved_cs_client     = @@character_set_client */;
/*!50503 SET character_set_client = utf8mb4 */;
CREATE TABLE `badaso_email_resets` (
  `id` bigint unsigned NOT NULL AUTO_INCREMENT,
  `user_id` bigint unsigned DEFAULT NULL,
  `email` varchar(255) COLLATE utf8mb4_unicode_ci NOT NULL,
  `verification_token` varchar(255) COLLATE utf8mb4_unicode_ci DEFAULT NULL,
  `expired_at` datetime DEFAULT NULL,
  `count_incorrect` int DEFAULT NULL,
  `created_at` timestamp NULL DEFAULT NULL,
  `updated_at` timestamp NULL DEFAULT NULL,
  PRIMARY KEY (`id`),
  UNIQUE KEY `badaso_email_resets_verification_token_unique` (`verification_token`)
) ENGINE=InnoDB DEFAULT CHARSET=utf8mb4 COLLATE=utf8mb4_unicode_ci;
/*!40101 SET character_set_client = @saved_cs_client */;

--
-- Dumping data for table `badaso_email_resets`
--

LOCK TABLES `badaso_email_resets` WRITE;
/*!40000 ALTER TABLE `badaso_email_resets` DISABLE KEYS */;
/*!40000 ALTER TABLE `badaso_email_resets` ENABLE KEYS */;
UNLOCK TABLES;

--
-- Table structure for table `badaso_firebase_cloud_messages`
--

DROP TABLE IF EXISTS `badaso_firebase_cloud_messages`;
/*!40101 SET @saved_cs_client     = @@character_set_client */;
/*!50503 SET character_set_client = utf8mb4 */;
CREATE TABLE `badaso_firebase_cloud_messages` (
  `id` bigint unsigned NOT NULL AUTO_INCREMENT,
  `user_id` bigint unsigned NOT NULL,
  `token_get_message` varchar(255) COLLATE utf8mb4_unicode_ci NOT NULL,
  `created_at` timestamp NULL DEFAULT NULL,
  `updated_at` timestamp NULL DEFAULT NULL,
  PRIMARY KEY (`id`),
  KEY `badaso_firebase_cloud_messages_user_id_foreign` (`user_id`),
  CONSTRAINT `badaso_firebase_cloud_messages_user_id_foreign` FOREIGN KEY (`user_id`) REFERENCES `badaso_users` (`id`) ON DELETE CASCADE
) ENGINE=InnoDB DEFAULT CHARSET=utf8mb4 COLLATE=utf8mb4_unicode_ci;
/*!40101 SET character_set_client = @saved_cs_client */;

--
-- Dumping data for table `badaso_firebase_cloud_messages`
--

LOCK TABLES `badaso_firebase_cloud_messages` WRITE;
/*!40000 ALTER TABLE `badaso_firebase_cloud_messages` DISABLE KEYS */;
/*!40000 ALTER TABLE `badaso_firebase_cloud_messages` ENABLE KEYS */;
UNLOCK TABLES;

--
-- Table structure for table `badaso_menu_items`
--

DROP TABLE IF EXISTS `badaso_menu_items`;
/*!40101 SET @saved_cs_client     = @@character_set_client */;
/*!50503 SET character_set_client = utf8mb4 */;
CREATE TABLE `badaso_menu_items` (
  `id` bigint unsigned NOT NULL AUTO_INCREMENT,
  `menu_id` bigint unsigned NOT NULL,
  `title` varchar(255) COLLATE utf8mb4_unicode_ci NOT NULL,
  `url` varchar(255) COLLATE utf8mb4_unicode_ci NOT NULL,
  `target` varchar(255) COLLATE utf8mb4_unicode_ci NOT NULL DEFAULT '_self',
  `icon_class` varchar(255) COLLATE utf8mb4_unicode_ci DEFAULT NULL,
  `color` varchar(255) COLLATE utf8mb4_unicode_ci DEFAULT NULL,
  `parent_id` int DEFAULT NULL,
  `order` int NOT NULL,
  `is_expand` tinyint(1) NOT NULL DEFAULT '1',
  `permissions` text COLLATE utf8mb4_unicode_ci,
  `created_at` timestamp NULL DEFAULT NULL,
  `updated_at` timestamp NULL DEFAULT NULL,
  PRIMARY KEY (`id`)
) ENGINE=InnoDB AUTO_INCREMENT=26 DEFAULT CHARSET=utf8mb4 COLLATE=utf8mb4_unicode_ci;
/*!40101 SET character_set_client = @saved_cs_client */;

--
-- Dumping data for table `badaso_menu_items`
--

LOCK TABLES `badaso_menu_items` WRITE;
/*!40000 ALTER TABLE `badaso_menu_items` DISABLE KEYS */;
INSERT INTO `badaso_menu_items` VALUES (1,2,'Permission Management','/permission','_self','lock','',NULL,1,1,'browse_permissions','2023-01-14 17:52:28','2023-01-14 17:52:28'),(2,2,'Role Management','/role','_self','accessibility','',NULL,2,1,'browse_roles','2023-01-14 17:52:28','2023-01-14 17:52:28'),(3,2,'User Management','/user','_self','person','',NULL,3,1,'browse_users','2023-01-14 17:52:28','2023-01-14 17:52:28'),(4,2,'Menu Management','/menu','_self','menu','',NULL,4,1,'browse_menus','2023-01-14 17:52:28','2023-01-14 17:52:28'),(5,2,'CRUD Management','/crud','_self','list_alt','',NULL,5,1,'browse_crud_data','2023-01-14 17:52:28','2023-01-14 17:52:28'),(6,2,'Database Management','/database','_self','inventory','',NULL,5,1,'browse_database','2023-01-14 17:52:28','2023-01-14 17:52:28'),(7,2,'Configuration','/configuration','_self','settings','',NULL,6,1,'browse_configurations','2023-01-14 17:52:28','2023-01-14 17:52:28'),(8,2,'Activity Log','/activity-log','_self','announcement','',NULL,7,1,'browse_activitylogs','2023-01-14 17:52:28','2023-01-14 17:52:28'),(9,2,'Log Viewer','/log-viewer','_self','error','',NULL,8,1,'browse_logviewer','2023-01-14 17:52:28','2023-01-14 17:52:28'),(10,2,'API Documentation','/api-docs','_self','menu_book','',NULL,9,1,'browse_apidocs','2023-01-14 17:52:28','2023-01-14 17:52:28'),(11,2,'Media Manager','/#','_self','folder_open',NULL,NULL,10,1,NULL,'2023-01-14 17:52:28','2023-01-14 17:52:28'),(12,2,'Files','/file-manager','_self','folder','',11,1,1,'browse_file_manager','2023-01-14 17:52:28','2023-01-14 17:52:28'),(13,2,'Images','/image-manager','_self','perm_media','',11,2,1,'browse_file_manager','2023-01-14 17:52:28','2023-01-14 17:52:28'),(14,1,'Dashboard','/home','_self','dashboard','',NULL,1,1,NULL,'2023-01-14 17:52:28','2023-01-14 17:52:28'),(18,1,'Berita','/general/news','_self',NULL,NULL,NULL,2,1,'browse_news','2023-01-15 13:17:38','2023-01-15 13:17:38'),(19,1,'Konten','/general/content','_self',NULL,NULL,NULL,3,1,'browse_content','2023-01-16 15:30:49','2023-01-16 15:30:49'),(20,1,'Galeri','/general/gallery','_self',NULL,NULL,NULL,4,1,'browse_gallery','2023-01-16 15:39:58','2023-01-16 15:39:58'),(21,1,'Destinasi','/general/destination','_self',NULL,NULL,NULL,5,1,'browse_destination','2023-01-16 15:40:30','2023-01-16 15:40:30'),(23,1,'Kepengurusan','/general/kepengurusan','_self',NULL,NULL,NULL,6,1,'browse_kepengurusan','2023-01-18 15:43:03','2023-01-18 15:43:03'),(24,1,'Demografi','/general/demografi','_self',NULL,NULL,NULL,7,1,'browse_demografi','2023-01-18 16:26:02','2023-01-18 16:26:02'),(25,1,'Kelembagaan','/general/kelembagaan','_self',NULL,NULL,NULL,8,1,'browse_kelembagaan','2023-01-18 16:26:24','2023-01-18 16:26:24');
/*!40000 ALTER TABLE `badaso_menu_items` ENABLE KEYS */;
UNLOCK TABLES;

--
-- Table structure for table `badaso_menus`
--

DROP TABLE IF EXISTS `badaso_menus`;
/*!40101 SET @saved_cs_client     = @@character_set_client */;
/*!50503 SET character_set_client = utf8mb4 */;
CREATE TABLE `badaso_menus` (
  `id` bigint unsigned NOT NULL AUTO_INCREMENT,
  `key` varchar(255) COLLATE utf8mb4_unicode_ci NOT NULL,
  `display_name` varchar(255) COLLATE utf8mb4_unicode_ci NOT NULL,
  `icon` varchar(255) COLLATE utf8mb4_unicode_ci DEFAULT NULL,
  `is_expand` tinyint(1) NOT NULL DEFAULT '1',
  `is_show_header` tinyint(1) NOT NULL DEFAULT '1',
  `created_at` timestamp NULL DEFAULT NULL,
  `updated_at` timestamp NULL DEFAULT NULL,
  `order` int DEFAULT NULL,
  PRIMARY KEY (`id`),
  UNIQUE KEY `badaso_menus_key_unique` (`key`)
) ENGINE=InnoDB AUTO_INCREMENT=3 DEFAULT CHARSET=utf8mb4 COLLATE=utf8mb4_unicode_ci;
/*!40101 SET character_set_client = @saved_cs_client */;

--
-- Dumping data for table `badaso_menus`
--

LOCK TABLES `badaso_menus` WRITE;
/*!40000 ALTER TABLE `badaso_menus` DISABLE KEYS */;
INSERT INTO `badaso_menus` VALUES (1,'general','General Menu',NULL,1,1,'2023-01-14 17:52:28','2023-01-15 12:36:06',1),(2,'core','Core',NULL,0,0,'2023-01-14 17:52:28','2023-01-15 13:10:38',2);
/*!40000 ALTER TABLE `badaso_menus` ENABLE KEYS */;
UNLOCK TABLES;

--
-- Table structure for table `badaso_notifications`
--

DROP TABLE IF EXISTS `badaso_notifications`;
/*!40101 SET @saved_cs_client     = @@character_set_client */;
/*!50503 SET character_set_client = utf8mb4 */;
CREATE TABLE `badaso_notifications` (
  `id` bigint unsigned NOT NULL AUTO_INCREMENT,
  `receiver_user_id` bigint unsigned NOT NULL,
  `type` varchar(255) COLLATE utf8mb4_unicode_ci NOT NULL,
  `title` varchar(255) COLLATE utf8mb4_unicode_ci NOT NULL,
  `content` text COLLATE utf8mb4_unicode_ci NOT NULL,
  `is_read` tinyint(1) NOT NULL DEFAULT '0',
  `sender_user_id` bigint unsigned NOT NULL,
  `created_at` timestamp NULL DEFAULT NULL,
  `updated_at` timestamp NULL DEFAULT NULL,
  PRIMARY KEY (`id`),
  KEY `badaso_f_c_m_messages_receiver_user_id_foreign` (`receiver_user_id`),
  KEY `badaso_f_c_m_messages_sender_user_id_foreign` (`sender_user_id`),
  CONSTRAINT `badaso_f_c_m_messages_receiver_user_id_foreign` FOREIGN KEY (`receiver_user_id`) REFERENCES `badaso_users` (`id`) ON DELETE CASCADE,
  CONSTRAINT `badaso_f_c_m_messages_sender_user_id_foreign` FOREIGN KEY (`sender_user_id`) REFERENCES `badaso_users` (`id`)
) ENGINE=InnoDB DEFAULT CHARSET=utf8mb4 COLLATE=utf8mb4_unicode_ci;
/*!40101 SET character_set_client = @saved_cs_client */;

--
-- Dumping data for table `badaso_notifications`
--

LOCK TABLES `badaso_notifications` WRITE;
/*!40000 ALTER TABLE `badaso_notifications` DISABLE KEYS */;
/*!40000 ALTER TABLE `badaso_notifications` ENABLE KEYS */;
UNLOCK TABLES;

--
-- Table structure for table `badaso_password_resets`
--

DROP TABLE IF EXISTS `badaso_password_resets`;
/*!40101 SET @saved_cs_client     = @@character_set_client */;
/*!50503 SET character_set_client = utf8mb4 */;
CREATE TABLE `badaso_password_resets` (
  `id` bigint unsigned NOT NULL AUTO_INCREMENT,
  `email` varchar(255) COLLATE utf8mb4_unicode_ci NOT NULL,
  `token` varchar(255) COLLATE utf8mb4_unicode_ci NOT NULL,
  `created_at` timestamp NULL DEFAULT NULL,
  PRIMARY KEY (`id`),
  KEY `badaso_password_resets_email_index` (`email`)
) ENGINE=InnoDB DEFAULT CHARSET=utf8mb4 COLLATE=utf8mb4_unicode_ci;
/*!40101 SET character_set_client = @saved_cs_client */;

--
-- Dumping data for table `badaso_password_resets`
--

LOCK TABLES `badaso_password_resets` WRITE;
/*!40000 ALTER TABLE `badaso_password_resets` DISABLE KEYS */;
/*!40000 ALTER TABLE `badaso_password_resets` ENABLE KEYS */;
UNLOCK TABLES;

--
-- Table structure for table `badaso_permissions`
--

DROP TABLE IF EXISTS `badaso_permissions`;
/*!40101 SET @saved_cs_client     = @@character_set_client */;
/*!50503 SET character_set_client = utf8mb4 */;
CREATE TABLE `badaso_permissions` (
  `id` bigint unsigned NOT NULL AUTO_INCREMENT,
  `key` varchar(255) COLLATE utf8mb4_unicode_ci NOT NULL,
  `description` varchar(255) COLLATE utf8mb4_unicode_ci DEFAULT NULL,
  `table_name` varchar(255) COLLATE utf8mb4_unicode_ci DEFAULT NULL,
  `always_allow` tinyint(1) NOT NULL DEFAULT '0',
  `is_public` tinyint(1) NOT NULL DEFAULT '0',
  `created_at` timestamp NULL DEFAULT NULL,
  `updated_at` timestamp NULL DEFAULT NULL,
  PRIMARY KEY (`id`),
  KEY `badaso_permissions_key_index` (`key`)
) ENGINE=InnoDB AUTO_INCREMENT=122 DEFAULT CHARSET=utf8mb4 COLLATE=utf8mb4_unicode_ci;
/*!40101 SET character_set_client = @saved_cs_client */;

--
-- Dumping data for table `badaso_permissions`
--

LOCK TABLES `badaso_permissions` WRITE;
/*!40000 ALTER TABLE `badaso_permissions` DISABLE KEYS */;
INSERT INTO `badaso_permissions` VALUES (1,'browse_user_role',NULL,NULL,0,0,'2023-01-14 17:52:27','2023-01-14 17:52:27'),(2,'add_or_edit_user_role',NULL,NULL,0,0,'2023-01-14 17:52:27','2023-01-14 17:52:27'),(3,'browse_role_permission',NULL,NULL,0,0,'2023-01-14 17:52:27','2023-01-14 17:52:27'),(4,'add_or_edit_role_permission',NULL,NULL,0,0,'2023-01-14 17:52:27','2023-01-14 17:52:27'),(5,'browse_crud_data',NULL,NULL,0,0,'2023-01-14 17:52:27','2023-01-14 17:52:27'),(6,'read_crud_data',NULL,NULL,1,0,'2023-01-14 17:52:27','2023-01-14 17:52:27'),(7,'edit_crud_data',NULL,NULL,0,0,'2023-01-14 17:52:27','2023-01-14 17:52:27'),(8,'add_crud_data',NULL,NULL,0,0,'2023-01-14 17:52:27','2023-01-14 17:52:27'),(9,'delete_crud_data',NULL,NULL,0,0,'2023-01-14 17:52:27','2023-01-14 17:52:27'),(10,'browse_activitylogs',NULL,NULL,0,0,'2023-01-14 17:52:27','2023-01-14 17:52:27'),(11,'read_activitylogs',NULL,NULL,0,0,'2023-01-14 17:52:27','2023-01-14 17:52:27'),(12,'browse_file_manager',NULL,NULL,0,0,'2023-01-14 17:52:27','2023-01-14 17:52:27'),(13,'read_file_manager',NULL,NULL,0,0,'2023-01-14 17:52:27','2023-01-14 17:52:27'),(14,'browse_logviewer',NULL,NULL,0,0,'2023-01-14 17:52:27','2023-01-14 17:52:27'),(15,'rollback_database',NULL,NULL,0,0,'2023-01-14 17:52:27','2023-01-14 17:52:27'),(16,'migrate_database',NULL,NULL,0,0,'2023-01-14 17:52:27','2023-01-14 17:52:27'),(17,'browse_migration',NULL,NULL,0,0,'2023-01-14 17:52:27','2023-01-14 17:52:27'),(18,'delete_migration',NULL,NULL,0,0,'2023-01-14 17:52:27','2023-01-14 17:52:27'),(19,'browse_apidocs',NULL,NULL,0,0,'2023-01-14 17:52:27','2023-01-14 17:52:27'),(20,'upload_file',NULL,NULL,0,0,'2023-01-14 17:52:27','2023-01-14 17:52:27'),(21,'browse_menus','Browse menus','menus',0,0,'2023-01-14 17:52:27','2023-01-14 17:52:27'),(22,'read_menus','Read menus','menus',0,0,'2023-01-14 17:52:27','2023-01-14 17:52:27'),(23,'edit_menus','Edit menus','menus',0,0,'2023-01-14 17:52:27','2023-01-14 17:52:27'),(24,'add_menus','Add menus','menus',0,0,'2023-01-14 17:52:27','2023-01-14 17:52:27'),(25,'delete_menus','Delete menus','menus',0,0,'2023-01-14 17:52:27','2023-01-14 17:52:27'),(26,'browse_menu_items','Browse menu_items','menu_items',0,0,'2023-01-14 17:52:27','2023-01-14 17:52:27'),(27,'read_menu_items','Read menu_items','menu_items',0,0,'2023-01-14 17:52:27','2023-01-14 17:52:27'),(28,'edit_menu_items','Edit menu_items','menu_items',0,0,'2023-01-14 17:52:27','2023-01-14 17:52:27'),(29,'add_menu_items','Add menu_items','menu_items',0,0,'2023-01-14 17:52:27','2023-01-14 17:52:27'),(30,'delete_menu_items','Delete menu_items','menu_items',0,0,'2023-01-14 17:52:27','2023-01-14 17:52:27'),(31,'browse_permissions','Browse permissions','permissions',0,0,'2023-01-14 17:52:27','2023-01-14 17:52:27'),(32,'read_permissions','Read permissions','permissions',0,0,'2023-01-14 17:52:27','2023-01-14 17:52:27'),(33,'edit_permissions','Edit permissions','permissions',0,0,'2023-01-14 17:52:27','2023-01-14 17:52:27'),(34,'add_permissions','Add permissions','permissions',0,0,'2023-01-14 17:52:27','2023-01-14 17:52:27'),(35,'delete_permissions','Delete permissions','permissions',0,0,'2023-01-14 17:52:27','2023-01-14 17:52:27'),(36,'browse_roles','Browse roles','roles',0,0,'2023-01-14 17:52:27','2023-01-14 17:52:27'),(37,'read_roles','Read roles','roles',0,0,'2023-01-14 17:52:27','2023-01-14 17:52:27'),(38,'edit_roles','Edit roles','roles',0,0,'2023-01-14 17:52:27','2023-01-14 17:52:27'),(39,'add_roles','Add roles','roles',0,0,'2023-01-14 17:52:27','2023-01-14 17:52:27'),(40,'delete_roles','Delete roles','roles',0,0,'2023-01-14 17:52:27','2023-01-14 17:52:27'),(41,'browse_users','Browse users','users',0,0,'2023-01-14 17:52:27','2023-01-14 17:52:27'),(42,'read_users','Read users','users',0,0,'2023-01-14 17:52:27','2023-01-14 17:52:27'),(43,'edit_users','Edit users','users',0,0,'2023-01-14 17:52:27','2023-01-14 17:52:27'),(44,'add_users','Add users','users',0,0,'2023-01-14 17:52:27','2023-01-14 17:52:27'),(45,'delete_users','Delete users','users',0,0,'2023-01-14 17:52:27','2023-01-14 17:52:27'),(46,'browse_configurations','Browse configurations','configurations',0,0,'2023-01-14 17:52:27','2023-01-14 17:52:27'),(47,'read_configurations','Read configurations','configurations',0,0,'2023-01-14 17:52:27','2023-01-14 17:52:27'),(48,'edit_configurations','Edit configurations','configurations',0,0,'2023-01-14 17:52:27','2023-01-14 17:52:27'),(49,'add_configurations','Add configurations','configurations',0,0,'2023-01-14 17:52:27','2023-01-14 17:52:27'),(50,'delete_configurations','Delete configurations','configurations',0,0,'2023-01-14 17:52:27','2023-01-14 17:52:27'),(51,'browse_database','Browse database','database',0,0,'2023-01-14 17:52:27','2023-01-14 17:52:27'),(52,'read_database','Read database','database',0,0,'2023-01-14 17:52:27','2023-01-14 17:52:27'),(53,'edit_database','Edit database','database',0,0,'2023-01-14 17:52:27','2023-01-14 17:52:27'),(54,'add_database','Add database','database',0,0,'2023-01-14 17:52:27','2023-01-14 17:52:27'),(55,'delete_database','Delete database','database',0,0,'2023-01-14 17:52:27','2023-01-14 17:52:27'),(74,'browse_news','Browse news','news',0,0,'2023-01-15 13:17:38','2023-01-15 13:17:38'),(75,'read_news','Read news','news',0,0,'2023-01-15 13:17:38','2023-01-15 13:17:38'),(76,'edit_news','Edit news','news',0,0,'2023-01-15 13:17:38','2023-01-15 13:17:38'),(77,'add_news','Add news','news',0,0,'2023-01-15 13:17:38','2023-01-15 13:17:38'),(78,'delete_news','Delete news','news',0,0,'2023-01-15 13:17:38','2023-01-15 13:17:38'),(79,'maintenance_news','Maintenance news','news',0,0,'2023-01-15 13:17:38','2023-01-15 13:17:38'),(80,'browse_content','Browse content','content',0,0,'2023-01-16 15:30:49','2023-01-16 15:30:49'),(81,'read_content','Read content','content',0,0,'2023-01-16 15:30:49','2023-01-16 15:30:49'),(82,'edit_content','Edit content','content',0,0,'2023-01-16 15:30:49','2023-01-16 15:30:49'),(83,'add_content','Add content','content',0,0,'2023-01-16 15:30:49','2023-01-16 15:30:49'),(84,'delete_content','Delete content','content',0,0,'2023-01-16 15:30:49','2023-01-16 15:30:49'),(85,'maintenance_content','Maintenance content','content',0,0,'2023-01-16 15:30:49','2023-01-16 15:30:49'),(86,'browse_gallery','Browse gallery','gallery',0,0,'2023-01-16 15:39:58','2023-01-16 15:39:58'),(87,'read_gallery','Read gallery','gallery',0,0,'2023-01-16 15:39:58','2023-01-16 15:39:58'),(88,'edit_gallery','Edit gallery','gallery',0,0,'2023-01-16 15:39:58','2023-01-16 15:39:58'),(89,'add_gallery','Add gallery','gallery',0,0,'2023-01-16 15:39:58','2023-01-16 15:39:58'),(90,'delete_gallery','Delete gallery','gallery',0,0,'2023-01-16 15:39:58','2023-01-16 15:39:58'),(91,'maintenance_gallery','Maintenance gallery','gallery',0,0,'2023-01-16 15:39:58','2023-01-16 15:39:58'),(92,'browse_destination','Browse destination','destination',0,0,'2023-01-16 15:40:30','2023-01-16 15:40:30'),(93,'read_destination','Read destination','destination',0,0,'2023-01-16 15:40:30','2023-01-16 15:40:30'),(94,'edit_destination','Edit destination','destination',0,0,'2023-01-16 15:40:30','2023-01-16 15:40:30'),(95,'add_destination','Add destination','destination',0,0,'2023-01-16 15:40:30','2023-01-16 15:40:30'),(96,'delete_destination','Delete destination','destination',0,0,'2023-01-16 15:40:30','2023-01-16 15:40:30'),(97,'maintenance_destination','Maintenance destination','destination',0,0,'2023-01-16 15:40:30','2023-01-16 15:40:30'),(104,'browse_kepengurusan','Browse kepengurusan','kepengurusan',0,0,'2023-01-18 15:43:03','2023-01-18 15:43:03'),(105,'read_kepengurusan','Read kepengurusan','kepengurusan',0,0,'2023-01-18 15:43:03','2023-01-18 15:43:03'),(106,'edit_kepengurusan','Edit kepengurusan','kepengurusan',0,0,'2023-01-18 15:43:03','2023-01-18 15:43:03'),(107,'add_kepengurusan','Add kepengurusan','kepengurusan',0,0,'2023-01-18 15:43:03','2023-01-18 15:43:03'),(108,'delete_kepengurusan','Delete kepengurusan','kepengurusan',0,0,'2023-01-18 15:43:03','2023-01-18 15:43:03'),(109,'maintenance_kepengurusan','Maintenance kepengurusan','kepengurusan',0,0,'2023-01-18 15:43:03','2023-01-18 15:43:03'),(110,'browse_demografi','Browse demografi','demografi',0,0,'2023-01-18 16:26:02','2023-01-18 16:26:02'),(111,'read_demografi','Read demografi','demografi',0,0,'2023-01-18 16:26:02','2023-01-18 16:26:02'),(112,'edit_demografi','Edit demografi','demografi',0,0,'2023-01-18 16:26:02','2023-01-18 16:26:02'),(113,'add_demografi','Add demografi','demografi',0,0,'2023-01-18 16:26:02','2023-01-18 16:26:02'),(114,'delete_demografi','Delete demografi','demografi',0,0,'2023-01-18 16:26:02','2023-01-18 16:26:02'),(115,'maintenance_demografi','Maintenance demografi','demografi',0,0,'2023-01-18 16:26:02','2023-01-18 16:26:02'),(116,'browse_kelembagaan','Browse kelembagaan','kelembagaan',0,0,'2023-01-18 16:26:24','2023-01-18 16:26:24'),(117,'read_kelembagaan','Read kelembagaan','kelembagaan',0,0,'2023-01-18 16:26:24','2023-01-18 16:26:24'),(118,'edit_kelembagaan','Edit kelembagaan','kelembagaan',0,0,'2023-01-18 16:26:24','2023-01-18 16:26:24'),(119,'add_kelembagaan','Add kelembagaan','kelembagaan',0,0,'2023-01-18 16:26:24','2023-01-18 16:26:24'),(120,'delete_kelembagaan','Delete kelembagaan','kelembagaan',0,0,'2023-01-18 16:26:24','2023-01-18 16:26:24'),(121,'maintenance_kelembagaan','Maintenance kelembagaan','kelembagaan',0,0,'2023-01-18 16:26:24','2023-01-18 16:26:24');
/*!40000 ALTER TABLE `badaso_permissions` ENABLE KEYS */;
UNLOCK TABLES;

--
-- Table structure for table `badaso_role_permissions`
--

DROP TABLE IF EXISTS `badaso_role_permissions`;
/*!40101 SET @saved_cs_client     = @@character_set_client */;
/*!50503 SET character_set_client = utf8mb4 */;
CREATE TABLE `badaso_role_permissions` (
  `id` bigint unsigned NOT NULL AUTO_INCREMENT,
  `role_id` bigint unsigned NOT NULL,
  `permission_id` bigint unsigned NOT NULL,
  `created_at` timestamp NULL DEFAULT NULL,
  `updated_at` timestamp NULL DEFAULT NULL,
  PRIMARY KEY (`id`),
  KEY `badaso_role_permissions_role_id_foreign` (`role_id`),
  KEY `badaso_role_permissions_permission_id_foreign` (`permission_id`),
  CONSTRAINT `badaso_role_permissions_permission_id_foreign` FOREIGN KEY (`permission_id`) REFERENCES `badaso_permissions` (`id`) ON DELETE CASCADE,
  CONSTRAINT `badaso_role_permissions_role_id_foreign` FOREIGN KEY (`role_id`) REFERENCES `badaso_roles` (`id`) ON DELETE CASCADE
) ENGINE=InnoDB AUTO_INCREMENT=158 DEFAULT CHARSET=utf8mb4 COLLATE=utf8mb4_unicode_ci;
/*!40101 SET character_set_client = @saved_cs_client */;

--
-- Dumping data for table `badaso_role_permissions`
--

LOCK TABLES `badaso_role_permissions` WRITE;
/*!40000 ALTER TABLE `badaso_role_permissions` DISABLE KEYS */;
INSERT INTO `badaso_role_permissions` VALUES (1,1,21,'2023-01-14 17:52:27','2023-01-14 17:52:27'),(2,1,22,'2023-01-14 17:52:27','2023-01-14 17:52:27'),(3,1,23,'2023-01-14 17:52:27','2023-01-14 17:52:27'),(4,1,24,'2023-01-14 17:52:27','2023-01-14 17:52:27'),(5,1,25,'2023-01-14 17:52:27','2023-01-14 17:52:27'),(6,1,26,'2023-01-14 17:52:27','2023-01-14 17:52:27'),(7,1,27,'2023-01-14 17:52:27','2023-01-14 17:52:27'),(8,1,28,'2023-01-14 17:52:27','2023-01-14 17:52:27'),(9,1,29,'2023-01-14 17:52:27','2023-01-14 17:52:27'),(10,1,30,'2023-01-14 17:52:27','2023-01-14 17:52:27'),(11,1,31,'2023-01-14 17:52:27','2023-01-14 17:52:27'),(12,1,32,'2023-01-14 17:52:27','2023-01-14 17:52:27'),(13,1,33,'2023-01-14 17:52:27','2023-01-14 17:52:27'),(14,1,34,'2023-01-14 17:52:27','2023-01-14 17:52:27'),(15,1,35,'2023-01-14 17:52:27','2023-01-14 17:52:27'),(16,1,36,'2023-01-14 17:52:27','2023-01-14 17:52:27'),(17,1,37,'2023-01-14 17:52:27','2023-01-14 17:52:27'),(18,1,38,'2023-01-14 17:52:27','2023-01-14 17:52:27'),(19,1,39,'2023-01-14 17:52:27','2023-01-14 17:52:27'),(20,1,40,'2023-01-14 17:52:27','2023-01-14 17:52:27'),(21,1,41,'2023-01-14 17:52:27','2023-01-14 17:52:27'),(22,1,42,'2023-01-14 17:52:27','2023-01-14 17:52:27'),(23,1,43,'2023-01-14 17:52:27','2023-01-14 17:52:27'),(24,1,44,'2023-01-14 17:52:27','2023-01-14 17:52:27'),(25,1,45,'2023-01-14 17:52:27','2023-01-14 17:52:27'),(26,1,46,'2023-01-14 17:52:27','2023-01-14 17:52:27'),(27,1,47,'2023-01-14 17:52:27','2023-01-14 17:52:27'),(28,1,48,'2023-01-14 17:52:27','2023-01-14 17:52:27'),(29,1,49,'2023-01-14 17:52:27','2023-01-14 17:52:27'),(30,1,50,'2023-01-14 17:52:27','2023-01-14 17:52:27'),(31,1,51,'2023-01-14 17:52:27','2023-01-14 17:52:27'),(32,1,52,'2023-01-14 17:52:27','2023-01-14 17:52:27'),(33,1,53,'2023-01-14 17:52:27','2023-01-14 17:52:27'),(34,1,54,'2023-01-14 17:52:27','2023-01-14 17:52:27'),(35,1,55,'2023-01-14 17:52:27','2023-01-14 17:52:27'),(36,1,1,'2023-01-14 17:52:27','2023-01-14 17:52:27'),(37,1,2,'2023-01-14 17:52:27','2023-01-14 17:52:27'),(38,1,3,'2023-01-14 17:52:27','2023-01-14 17:52:27'),(39,1,4,'2023-01-14 17:52:27','2023-01-14 17:52:27'),(40,1,5,'2023-01-14 17:52:27','2023-01-14 17:52:27'),(41,1,6,'2023-01-14 17:52:27','2023-01-14 17:52:27'),(42,1,7,'2023-01-14 17:52:27','2023-01-14 17:52:27'),(43,1,8,'2023-01-14 17:52:27','2023-01-14 17:52:27'),(44,1,9,'2023-01-14 17:52:27','2023-01-14 17:52:27'),(45,1,10,'2023-01-14 17:52:27','2023-01-14 17:52:27'),(46,1,11,'2023-01-14 17:52:27','2023-01-14 17:52:27'),(47,1,12,'2023-01-14 17:52:27','2023-01-14 17:52:27'),(48,1,13,'2023-01-14 17:52:27','2023-01-14 17:52:27'),(49,1,14,'2023-01-14 17:52:27','2023-01-14 17:52:27'),(50,1,15,'2023-01-14 17:52:27','2023-01-14 17:52:27'),(51,1,16,'2023-01-14 17:52:27','2023-01-14 17:52:27'),(52,1,17,'2023-01-14 17:52:27','2023-01-14 17:52:27'),(53,1,18,'2023-01-14 17:52:27','2023-01-14 17:52:27'),(54,1,19,'2023-01-14 17:52:27','2023-01-14 17:52:27'),(55,1,20,'2023-01-14 17:52:27','2023-01-14 17:52:27'),(79,1,74,'2023-01-15 13:17:38','2023-01-15 13:17:38'),(80,1,75,'2023-01-15 13:17:38','2023-01-15 13:17:38'),(81,1,76,'2023-01-15 13:17:38','2023-01-15 13:17:38'),(82,1,77,'2023-01-15 13:17:38','2023-01-15 13:17:38'),(83,1,78,'2023-01-15 13:17:38','2023-01-15 13:17:38'),(84,1,79,'2023-01-15 13:17:38','2023-01-15 13:17:38'),(85,1,80,'2023-01-16 15:30:49','2023-01-16 15:30:49'),(86,1,81,'2023-01-16 15:30:49','2023-01-16 15:30:49'),(87,1,82,'2023-01-16 15:30:49','2023-01-16 15:30:49'),(88,1,83,'2023-01-16 15:30:49','2023-01-16 15:30:49'),(89,1,84,'2023-01-16 15:30:49','2023-01-16 15:30:49'),(90,1,85,'2023-01-16 15:30:49','2023-01-16 15:30:49'),(91,1,86,'2023-01-16 15:39:58','2023-01-16 15:39:58'),(92,1,87,'2023-01-16 15:39:58','2023-01-16 15:39:58'),(93,1,88,'2023-01-16 15:39:58','2023-01-16 15:39:58'),(94,1,89,'2023-01-16 15:39:58','2023-01-16 15:39:58'),(95,1,90,'2023-01-16 15:39:58','2023-01-16 15:39:58'),(96,1,91,'2023-01-16 15:39:58','2023-01-16 15:39:58'),(97,1,92,'2023-01-16 15:40:30','2023-01-16 15:40:30'),(98,1,93,'2023-01-16 15:40:30','2023-01-16 15:40:30'),(99,1,94,'2023-01-16 15:40:30','2023-01-16 15:40:30'),(100,1,95,'2023-01-16 15:40:30','2023-01-16 15:40:30'),(101,1,96,'2023-01-16 15:40:30','2023-01-16 15:40:30'),(102,1,97,'2023-01-16 15:40:30','2023-01-16 15:40:30'),(109,1,104,'2023-01-18 15:43:03','2023-01-18 15:43:03'),(110,1,105,'2023-01-18 15:43:03','2023-01-18 15:43:03'),(111,1,106,'2023-01-18 15:43:03','2023-01-18 15:43:03'),(112,1,107,'2023-01-18 15:43:03','2023-01-18 15:43:03'),(113,1,108,'2023-01-18 15:43:03','2023-01-18 15:43:03'),(114,1,109,'2023-01-18 15:43:03','2023-01-18 15:43:03'),(115,1,110,'2023-01-18 16:26:02','2023-01-18 16:26:02'),(116,1,111,'2023-01-18 16:26:02','2023-01-18 16:26:02'),(117,1,112,'2023-01-18 16:26:02','2023-01-18 16:26:02'),(118,1,113,'2023-01-18 16:26:02','2023-01-18 16:26:02'),(119,1,114,'2023-01-18 16:26:02','2023-01-18 16:26:02'),(120,1,115,'2023-01-18 16:26:02','2023-01-18 16:26:02'),(121,1,116,'2023-01-18 16:26:24','2023-01-18 16:26:24'),(122,1,117,'2023-01-18 16:26:24','2023-01-18 16:26:24'),(123,1,118,'2023-01-18 16:26:24','2023-01-18 16:26:24'),(124,1,119,'2023-01-18 16:26:24','2023-01-18 16:26:24'),(125,1,120,'2023-01-18 16:26:24','2023-01-18 16:26:24'),(126,1,121,'2023-01-18 16:26:24','2023-01-18 16:26:24'),(127,2,74,'2023-01-18 16:35:42','2023-01-18 16:35:42'),(128,2,75,'2023-01-18 16:35:42','2023-01-18 16:35:42'),(129,2,76,'2023-01-18 16:35:42','2023-01-18 16:35:42'),(130,2,77,'2023-01-18 16:35:42','2023-01-18 16:35:42'),(131,2,78,'2023-01-18 16:35:42','2023-01-18 16:35:42'),(132,2,80,'2023-01-18 16:35:42','2023-01-18 16:35:42'),(133,2,81,'2023-01-18 16:35:42','2023-01-18 16:35:42'),(134,2,82,'2023-01-18 16:35:42','2023-01-18 16:35:42'),(135,2,86,'2023-01-18 16:35:42','2023-01-18 16:35:42'),(136,2,87,'2023-01-18 16:35:42','2023-01-18 16:35:42'),(137,2,88,'2023-01-18 16:35:42','2023-01-18 16:35:42'),(138,2,89,'2023-01-18 16:35:42','2023-01-18 16:35:42'),(139,2,90,'2023-01-18 16:35:42','2023-01-18 16:35:42'),(140,2,92,'2023-01-18 16:35:42','2023-01-18 16:35:42'),(141,2,93,'2023-01-18 16:35:42','2023-01-18 16:35:42'),(142,2,94,'2023-01-18 16:35:42','2023-01-18 16:35:42'),(143,2,95,'2023-01-18 16:35:42','2023-01-18 16:35:42'),(144,2,96,'2023-01-18 16:35:42','2023-01-18 16:35:42'),(145,2,104,'2023-01-18 16:35:42','2023-01-18 16:35:42'),(146,2,105,'2023-01-18 16:35:42','2023-01-18 16:35:42'),(147,2,106,'2023-01-18 16:35:42','2023-01-18 16:35:42'),(148,2,107,'2023-01-18 16:35:42','2023-01-18 16:35:42'),(149,2,108,'2023-01-18 16:35:42','2023-01-18 16:35:42'),(150,2,110,'2023-01-18 16:35:42','2023-01-18 16:35:42'),(151,2,111,'2023-01-18 16:35:42','2023-01-18 16:35:42'),(152,2,112,'2023-01-18 16:35:42','2023-01-18 16:35:42'),(153,2,116,'2023-01-18 16:35:42','2023-01-18 16:35:42'),(154,2,117,'2023-01-18 16:35:42','2023-01-18 16:35:42'),(155,2,118,'2023-01-18 16:35:42','2023-01-18 16:35:42'),(156,2,119,'2023-01-18 16:35:42','2023-01-18 16:35:42'),(157,2,120,'2023-01-18 16:35:42','2023-01-18 16:35:42');
/*!40000 ALTER TABLE `badaso_role_permissions` ENABLE KEYS */;
UNLOCK TABLES;

--
-- Table structure for table `badaso_roles`
--

DROP TABLE IF EXISTS `badaso_roles`;
/*!40101 SET @saved_cs_client     = @@character_set_client */;
/*!50503 SET character_set_client = utf8mb4 */;
CREATE TABLE `badaso_roles` (
  `id` bigint unsigned NOT NULL AUTO_INCREMENT,
  `name` varchar(255) COLLATE utf8mb4_unicode_ci NOT NULL,
  `display_name` varchar(255) COLLATE utf8mb4_unicode_ci NOT NULL,
  `description` varchar(255) COLLATE utf8mb4_unicode_ci DEFAULT NULL,
  `created_at` timestamp NULL DEFAULT NULL,
  `updated_at` timestamp NULL DEFAULT NULL,
  PRIMARY KEY (`id`),
  UNIQUE KEY `badaso_roles_name_unique` (`name`)
) ENGINE=InnoDB AUTO_INCREMENT=3 DEFAULT CHARSET=utf8mb4 COLLATE=utf8mb4_unicode_ci;
/*!40101 SET character_set_client = @saved_cs_client */;

--
-- Dumping data for table `badaso_roles`
--

LOCK TABLES `badaso_roles` WRITE;
/*!40000 ALTER TABLE `badaso_roles` DISABLE KEYS */;
INSERT INTO `badaso_roles` VALUES (1,'administrator','Administrator',NULL,'2023-01-14 17:52:27','2023-01-14 17:52:27'),(2,'admin','Admin',NULL,'2023-01-14 17:52:27','2023-01-15 13:09:54');
/*!40000 ALTER TABLE `badaso_roles` ENABLE KEYS */;
UNLOCK TABLES;

--
-- Table structure for table `badaso_user_roles`
--

DROP TABLE IF EXISTS `badaso_user_roles`;
/*!40101 SET @saved_cs_client     = @@character_set_client */;
/*!50503 SET character_set_client = utf8mb4 */;
CREATE TABLE `badaso_user_roles` (
  `id` bigint unsigned NOT NULL AUTO_INCREMENT,
  `user_id` bigint unsigned NOT NULL,
  `role_id` bigint unsigned NOT NULL,
  `created_at` timestamp NULL DEFAULT NULL,
  `updated_at` timestamp NULL DEFAULT NULL,
  PRIMARY KEY (`id`),
  KEY `badaso_user_roles_user_id_foreign` (`user_id`),
  KEY `badaso_user_roles_role_id_foreign` (`role_id`),
  CONSTRAINT `badaso_user_roles_role_id_foreign` FOREIGN KEY (`role_id`) REFERENCES `badaso_roles` (`id`) ON DELETE CASCADE,
  CONSTRAINT `badaso_user_roles_user_id_foreign` FOREIGN KEY (`user_id`) REFERENCES `badaso_users` (`id`) ON DELETE CASCADE
) ENGINE=InnoDB AUTO_INCREMENT=5 DEFAULT CHARSET=utf8mb4 COLLATE=utf8mb4_unicode_ci;
/*!40101 SET character_set_client = @saved_cs_client */;

--
-- Dumping data for table `badaso_user_roles`
--

LOCK TABLES `badaso_user_roles` WRITE;
/*!40000 ALTER TABLE `badaso_user_roles` DISABLE KEYS */;
INSERT INTO `badaso_user_roles` VALUES (2,1,1,'2023-01-15 12:45:29','2023-01-15 12:45:29'),(3,1,2,'2023-01-15 13:03:13','2023-01-15 13:03:13'),(4,2,2,'2023-01-15 13:11:58','2023-01-15 13:11:58');
/*!40000 ALTER TABLE `badaso_user_roles` ENABLE KEYS */;
UNLOCK TABLES;

--
-- Table structure for table `badaso_user_verifications`
--

DROP TABLE IF EXISTS `badaso_user_verifications`;
/*!40101 SET @saved_cs_client     = @@character_set_client */;
/*!50503 SET character_set_client = utf8mb4 */;
CREATE TABLE `badaso_user_verifications` (
  `id` bigint unsigned NOT NULL AUTO_INCREMENT,
  `user_id` bigint unsigned DEFAULT NULL,
  `verification_token` varchar(255) COLLATE utf8mb4_unicode_ci DEFAULT NULL,
  `expired_at` datetime DEFAULT NULL,
  `count_incorrect` int DEFAULT NULL,
  `created_at` timestamp NULL DEFAULT NULL,
  `updated_at` timestamp NULL DEFAULT NULL,
  PRIMARY KEY (`id`),
  UNIQUE KEY `badaso_user_verifications_verification_token_unique` (`verification_token`)
) ENGINE=InnoDB DEFAULT CHARSET=utf8mb4 COLLATE=utf8mb4_unicode_ci;
/*!40101 SET character_set_client = @saved_cs_client */;

--
-- Dumping data for table `badaso_user_verifications`
--

LOCK TABLES `badaso_user_verifications` WRITE;
/*!40000 ALTER TABLE `badaso_user_verifications` DISABLE KEYS */;
/*!40000 ALTER TABLE `badaso_user_verifications` ENABLE KEYS */;
UNLOCK TABLES;

--
-- Table structure for table `badaso_users`
--

DROP TABLE IF EXISTS `badaso_users`;
/*!40101 SET @saved_cs_client     = @@character_set_client */;
/*!50503 SET character_set_client = utf8mb4 */;
CREATE TABLE `badaso_users` (
  `id` bigint unsigned NOT NULL AUTO_INCREMENT,
  `name` varchar(255) COLLATE utf8mb4_unicode_ci NOT NULL,
  `username` varchar(255) COLLATE utf8mb4_unicode_ci DEFAULT NULL,
  `email` varchar(255) COLLATE utf8mb4_unicode_ci NOT NULL,
  `additional_info` text COLLATE utf8mb4_unicode_ci,
  `avatar` varchar(255) COLLATE utf8mb4_unicode_ci DEFAULT 'photos/shares/default-user.png',
  `phone` varchar(20) COLLATE utf8mb4_unicode_ci DEFAULT NULL,
  `email_verified_at` timestamp NULL DEFAULT NULL,
  `password` varchar(255) COLLATE utf8mb4_unicode_ci NOT NULL,
  `remember_token` varchar(100) COLLATE utf8mb4_unicode_ci DEFAULT NULL,
  `created_at` timestamp NULL DEFAULT NULL,
  `updated_at` timestamp NULL DEFAULT NULL,
  PRIMARY KEY (`id`),
  UNIQUE KEY `badaso_users_email_unique` (`email`),
  UNIQUE KEY `badaso_users_username_unique` (`username`)
) ENGINE=InnoDB AUTO_INCREMENT=3 DEFAULT CHARSET=utf8mb4 COLLATE=utf8mb4_unicode_ci;
/*!40101 SET character_set_client = @saved_cs_client */;

--
-- Dumping data for table `badaso_users`
--

LOCK TABLES `badaso_users` WRITE;
/*!40000 ALTER TABLE `badaso_users` DISABLE KEYS */;
INSERT INTO `badaso_users` VALUES (1,'Copy','admin','admin@mail.com',NULL,'photos/shares/default-user.png',NULL,'2023-01-14 17:53:38','$2y$10$9WY5kFIPZm51.3LTH7KExOS9iSE7xR8En9paEb3Pv9bBxxbhxQI0a',NULL,'2023-01-14 17:53:38','2023-01-14 17:53:38'),(2,'admin1','admin1','admin1@mail.com',NULL,NULL,NULL,'2023-01-15 12:45:16','$2y$10$bcx8aagZpcjENu/PRiWy1uHkQHPOIbAq.rluboXV7.6yR6nHaDGUy',NULL,'2023-01-15 12:45:16','2023-01-15 12:45:16');
/*!40000 ALTER TABLE `badaso_users` ENABLE KEYS */;
UNLOCK TABLES;

--
-- Table structure for table `content`
--

DROP TABLE IF EXISTS `content`;
/*!40101 SET @saved_cs_client     = @@character_set_client */;
/*!50503 SET character_set_client = utf8mb4 */;
CREATE TABLE `content` (
  `id` bigint unsigned NOT NULL AUTO_INCREMENT,
  `title` varchar(255) COLLATE utf8mb4_unicode_ci NOT NULL,
  `caption` text COLLATE utf8mb4_unicode_ci NOT NULL,
  `images` varchar(255) COLLATE utf8mb4_unicode_ci NOT NULL,
  `section` varchar(100) COLLATE utf8mb4_unicode_ci NOT NULL,
  `link` varchar(255) COLLATE utf8mb4_unicode_ci DEFAULT NULL,
  `created_at` timestamp NULL DEFAULT NULL,
  `updated_at` timestamp NULL DEFAULT NULL,
  PRIMARY KEY (`id`)
) ENGINE=InnoDB AUTO_INCREMENT=14 DEFAULT CHARSET=utf8mb4 COLLATE=utf8mb4_unicode_ci;
/*!40101 SET character_set_client = @saved_cs_client */;

--
-- Dumping data for table `content`
--

LOCK TABLES `content` WRITE;
/*!40000 ALTER TABLE `content` DISABLE KEYS */;
INSERT INTO `content` VALUES (1,'Desa Genilangit','Dusun Wonomulyo, Kecamatan Poncol, Kabupaten Magetan, Jawa Timur','http://localhost/storage/photos/shares/imagebg (2).png','top-banner','-','2023-01-16 15:42:51','2023-01-16 15:42:51'),(2,'Profile Desa','Sejarah Desa Genilangit','http://localhost/storage/photos/shares/logo (1).png','feature','http://localhost/profile','2023-01-16 15:44:22','2023-01-16 15:44:22'),(3,'Pemerintahan Desa','Struktur Organisasi dan Tata Kerja Pemerintah Desa Genilangit','http://localhost/storage/photos/shares/logo (1).png','feature','http://localhost','2023-01-16 15:45:29','2023-01-16 15:45:29'),(4,'Visi & Misi','Visi & Misi Pemerintah Desa Genilangit','http://localhost/storage/photos/shares/logo (1).png','feature','http://localhost/visimisi','2023-01-16 15:46:32','2023-01-16 15:46:32'),(5,'Demografi','Data Agama, Pekerjaan & Jenis Kelamin Desa Genilangit','http://localhost/storage/photos/shares/logo (1).png','feature','http://localhost/demografi','2023-01-16 15:49:06','2023-01-16 15:49:06'),(6,'Galeri','Dokumentasi Galeri Desa Genilangit','http://localhost/storage/photos/shares/logo (1).png','feature','http://localhost/galery','2023-01-16 15:50:25','2023-01-16 15:50:25'),(7,'Kelembagaan','BPD, LPMD, RT RW, PKK, Linmas, Karang Taruna, BUMDes Bulakan Sejahtera','http://localhost/storage/photos/shares/logo (1).png','feature','http://localhost/kelembagaan','2023-01-16 15:51:19','2023-01-16 15:51:19'),(8,'Prestasi Kami','Desa Genilangit di Kecamatan Poncol, Kabupaten Magetan, Jawa Timur, berhasil menjadi finalis pada ajang Desa Wisata Awards 2021 yang digelar Kementerian Pariwisata dan Ekonomi Kreatif (Kemenparekraf) bersama BCA.\n<br/>\nBerdasarkan pernyataan yang dikeluarkan Pemkab Magetan melalui laman resmi pemda setempat, Desa Wisata Genilangit masuk dalam kategori Desa Wisata Berbasis Alam. Proses penjurian rencananya digelar secara virtual atau daring pada tanggal 6-7 Juli 2021.','http://localhost/storage/photos/shares/prestasi.svg','prestasi','-','2023-01-16 15:52:09','2023-01-16 15:52:09'),(9,'Profile','Konon pada zaman dahulu terdapat hamparan hutan rimba, yang dihuni beberapa rumah tangga dengan kehidupan berladang/bertani secara berpindah-pindah dan beternak sapi suatu saat masyarakat tersebut menemukan sekelompok orang di Pomahan/Bedengan sejumlah 11 orang terdiri dari 2 orang laki-laki dan 9 orang perempuan adapun 2 orang laki-laki tersebut adalah bernama Ki Malangyudho dan seorang cantriknya sedangkan 9 orang perempuan tersebut adalah Nyai Malang Yudho dengan 8 dayang-dayangnya, berdasarkan informasi dari para pinisepuh berasal dari Kraton Tembayat Klaten Jawa Tengah.\n<br/><br/>\nSuatu saat Ki Malang Yudho ngangklang bawono melihat perumahan para anak muridnya kearah Timur sampai di persil 17 d I beliau melihat api sebesar pohon kelapa seolah-olah seperti sampai setinggi langit, lantas beliau bersabda kalau ada ramainya jaman tempat ini dinamakan Genilangit\n<br/><br/>\nSelama bermasyarakat Ki Malang Yudho oleh anggota masyarakat dipercaya sebagai pemimpin desa tersebut, suatu ketika Ki Malang Yudho dengan di ikuti Cantriknya serta anggota masyarakat setempat sudah bermusyawarah berpikir karena pada lokasi yang ditempati tidak ada air, akhir rombongan tersebut berangkat menuju ke Lokasi Trojiwo tidak pernah ditinggalkannya yaitu sebuah teken selalu dibawa kemanapun pergi, disitulah Ki Malang Yudho memperlihatkan kesaktiannya yaitu sebuah teken yang tidak pernah lepas dari tangannya itu diseret yang akhirnya menjadi saluran yang dinamakan Saluran Trojiwo, sebelum airnya mengalir saluran tersebut pernah mengalir jendel/lintah melihat kesaktiannya Ki Malang Yudho dijadikan guru karena nasehatnya sangat mengandung arti yang cukup dalam tentang sejatining urip sangat dikenal orang yang lembah manah tapi tidak takut menghadapi bahaya apapun serta tanggung jawab penuh terhadap anak buahnya.\n<br/><br/>\nBeliau sangat tidak senang kepada anak muridnya yang mempunyai sifat takabur/sombong, dan juga tidak senang kepada orang yang mempunyai sifat warok, sampai keluar kata-kata barang siapa hidup di desa Genilangit memperlihatkan waroknya pasti tidak akan lama pendek kata tidak krasan akan minggat dari desa ini.\n<br/><br/>\nSambil duduk santai dengan dikerumuni oleh pengikutnya Ki Malang Yudho setiap pembicaraan yang keluar atau didengar selalu mengandung makna, pada saat itu para pengikutnya mendengar He bocah-bocah kabeh mbesuk sak pungkurku ono tlatah kene tak tinggali kunir sak krenjang motoero dan beliau berpesan : 1. Ki Malang Yudho beserta Cantriknya kalau kelak meninggal dunia minta disemayamkan di perbatasan desa Genilangit sebelah Timur, dengan maksud apabila ada mara bahaya dari Timur beliau yang akan menanggulangi. 2. Nyai Malang Yudho yang akrab disebut mbah Putih karena kulitnya putih dengan rambut yang keseluruhan juga putih berserta para dayang-dayangnya sejumlah 8 (delapan) orang, juga minta mohon kelak kalau sudah meninggal dunia mohon untuk disemayamkan di perbatasan desa Genilangit sebelah barat dengan maksud apabila ada mara bahaya dari Barat beliaulah yang akan menahan. 3. Setelah saya meninggal dunia orang yang memimpin kalian namakan LURAH pilihlah orang yang mampu dan mau serta mulat sariro hangroso wani.','http://localhost/storage/photos/shares/profile2.png','profile','-','2023-01-16 16:42:15','2023-01-16 16:42:15'),(10,'VIsi Content','TERWUJUDNYA MASYARAKAT DESA GENILANGIT SEJAHTERA YANG BERMARTABAT DAN MANDIRI ','http://localhost/storage/photos/shares/logo (1).png','visi&misi','-','2023-01-16 16:44:43','2023-01-16 16:44:43'),(11,'Misi Content','-','http://localhost/storage/photos/shares/logo (1).png','visi&misi','-','2023-01-16 16:45:09','2023-01-16 16:45:09'),(12,'struktur organigram','-','http://localhost/storage/photos/shares/Screenshot 2023-01-18 at 21.56.25.png','organigram','-','2023-01-18 14:56:51','2023-01-18 14:56:51'),(13,'Kantor Desa','-','http://localhost/storage/photos/shares/Screenshot 2023-01-18 at 22.08.13.png','kantor-desa',NULL,'2023-01-18 15:08:43','2023-01-18 15:08:43');
/*!40000 ALTER TABLE `content` ENABLE KEYS */;
UNLOCK TABLES;

--
-- Table structure for table `demografi`
--

DROP TABLE IF EXISTS `demografi`;
/*!40101 SET @saved_cs_client     = @@character_set_client */;
/*!50503 SET character_set_client = utf8mb4 */;
CREATE TABLE `demografi` (
  `id` bigint unsigned NOT NULL AUTO_INCREMENT,
  `section` varchar(50) COLLATE utf8mb4_unicode_ci NOT NULL,
  `total_terintegrasi` int NOT NULL,
  `chart1` varchar(255) COLLATE utf8mb4_unicode_ci NOT NULL,
  `chart2` varchar(255) COLLATE utf8mb4_unicode_ci NOT NULL,
  `created_at` timestamp NULL DEFAULT NULL,
  `updated_at` timestamp NULL DEFAULT NULL,
  PRIMARY KEY (`id`)
) ENGINE=InnoDB AUTO_INCREMENT=4 DEFAULT CHARSET=utf8mb4 COLLATE=utf8mb4_unicode_ci;
/*!40101 SET character_set_client = @saved_cs_client */;

--
-- Dumping data for table `demografi`
--

LOCK TABLES `demografi` WRITE;
/*!40000 ALTER TABLE `demografi` DISABLE KEYS */;
INSERT INTO `demografi` VALUES (1,'agama',3489,'http://localhost/storage/photos/shares/Screenshot 2023-01-18 at 23.26.55.png','http://localhost/storage/photos/shares/Screenshot 2023-01-18 at 23.27.03.png','2023-01-18 16:28:05','2023-01-18 16:28:05'),(2,'pekerjaan',3841,'http://localhost/storage/photos/shares/Screenshot 2023-01-18 at 23.28.27.png','http://localhost/storage/photos/shares/Screenshot 2023-01-18 at 23.28.39.png','2023-01-18 16:29:20','2023-01-18 16:29:20'),(3,'gender',3489,'http://localhost/storage/photos/shares/Screenshot 2023-01-18 at 23.29.37.png','http://localhost/storage/photos/shares/Screenshot 2023-01-18 at 23.29.46.png','2023-01-18 16:30:24','2023-01-18 16:30:24');
/*!40000 ALTER TABLE `demografi` ENABLE KEYS */;
UNLOCK TABLES;

--
-- Table structure for table `destination`
--

DROP TABLE IF EXISTS `destination`;
/*!40101 SET @saved_cs_client     = @@character_set_client */;
/*!50503 SET character_set_client = utf8mb4 */;
CREATE TABLE `destination` (
  `id` bigint unsigned NOT NULL AUTO_INCREMENT,
  `title` varchar(255) COLLATE utf8mb4_unicode_ci NOT NULL,
  `images` varchar(255) COLLATE utf8mb4_unicode_ci NOT NULL,
  `created_at` timestamp NULL DEFAULT NULL,
  `updated_at` timestamp NULL DEFAULT NULL,
  PRIMARY KEY (`id`)
) ENGINE=InnoDB AUTO_INCREMENT=6 DEFAULT CHARSET=utf8mb4 COLLATE=utf8mb4_unicode_ci;
/*!40101 SET character_set_client = @saved_cs_client */;

--
-- Dumping data for table `destination`
--

LOCK TABLES `destination` WRITE;
/*!40000 ALTER TABLE `destination` DISABLE KEYS */;
INSERT INTO `destination` VALUES (1,'Taman Wisata Genilangit','http://localhost/storage/photos/shares/wisata5.png','2023-01-16 17:01:53','2023-01-16 17:01:53'),(2,'Highland Wonomulyo','http://localhost/storage/photos/shares/wisata4.png','2023-01-16 17:02:14','2023-01-16 17:02:14'),(3,'Pendakian Mt.Jobolarangan','http://localhost/storage/photos/shares/wisata3.png','2023-01-16 17:02:43','2023-01-16 17:02:43'),(4,'Genilangit Coffee','http://localhost/storage/photos/shares/wisata2.png','2023-01-16 17:03:03','2023-01-16 17:03:03'),(5,'Camping Ground genilangit','http://localhost/storage/photos/shares/wisata1.png','2023-01-16 17:03:21','2023-01-16 17:03:21');
/*!40000 ALTER TABLE `destination` ENABLE KEYS */;
UNLOCK TABLES;

--
-- Table structure for table `failed_jobs`
--

DROP TABLE IF EXISTS `failed_jobs`;
/*!40101 SET @saved_cs_client     = @@character_set_client */;
/*!50503 SET character_set_client = utf8mb4 */;
CREATE TABLE `failed_jobs` (
  `id` bigint unsigned NOT NULL AUTO_INCREMENT,
  `uuid` varchar(255) COLLATE utf8mb4_unicode_ci NOT NULL,
  `connection` text COLLATE utf8mb4_unicode_ci NOT NULL,
  `queue` text COLLATE utf8mb4_unicode_ci NOT NULL,
  `payload` longtext COLLATE utf8mb4_unicode_ci NOT NULL,
  `exception` longtext COLLATE utf8mb4_unicode_ci NOT NULL,
  `failed_at` timestamp NOT NULL DEFAULT CURRENT_TIMESTAMP,
  PRIMARY KEY (`id`),
  UNIQUE KEY `failed_jobs_uuid_unique` (`uuid`)
) ENGINE=InnoDB DEFAULT CHARSET=utf8mb4 COLLATE=utf8mb4_unicode_ci;
/*!40101 SET character_set_client = @saved_cs_client */;

--
-- Dumping data for table `failed_jobs`
--

LOCK TABLES `failed_jobs` WRITE;
/*!40000 ALTER TABLE `failed_jobs` DISABLE KEYS */;
/*!40000 ALTER TABLE `failed_jobs` ENABLE KEYS */;
UNLOCK TABLES;

--
-- Table structure for table `gallery`
--

DROP TABLE IF EXISTS `gallery`;
/*!40101 SET @saved_cs_client     = @@character_set_client */;
/*!50503 SET character_set_client = utf8mb4 */;
CREATE TABLE `gallery` (
  `id` bigint unsigned NOT NULL AUTO_INCREMENT,
  `title` varchar(255) COLLATE utf8mb4_unicode_ci NOT NULL,
  `caption` text COLLATE utf8mb4_unicode_ci NOT NULL,
  `images` varchar(255) COLLATE utf8mb4_unicode_ci NOT NULL,
  `videos` text COLLATE utf8mb4_unicode_ci NOT NULL,
  `type` enum('foto','video') COLLATE utf8mb4_unicode_ci NOT NULL,
  `created_at` timestamp NULL DEFAULT NULL,
  `updated_at` timestamp NULL DEFAULT NULL,
  PRIMARY KEY (`id`)
) ENGINE=InnoDB AUTO_INCREMENT=3 DEFAULT CHARSET=utf8mb4 COLLATE=utf8mb4_unicode_ci;
/*!40101 SET character_set_client = @saved_cs_client */;

--
-- Dumping data for table `gallery`
--

LOCK TABLES `gallery` WRITE;
/*!40000 ALTER TABLE `gallery` DISABLE KEYS */;
INSERT INTO `gallery` VALUES (1,'gallery1','Seluruh warga Dusun Wonomulyo, atas kehadiran Gubernur  Jawa timur Ibu Khofifah beserta Bupati Magetan Bapak Suprawoto dan seluruh rombongan. Wonomulyo sebuah Dusun yang terpencil dan berada di ujung Barat Provinsi Jawa Timur, ternyata sangat diperhatikan Beliau-Beliau. Sungguh kami sangat berterima kasih pada Ibu Gubernur, Bapak Bupati, dan seluruh rombongan yang hadir.','http://localhost/storage/photos/shares/Screenshot 2023-01-16 at 23.47.02.png','-','foto','2023-01-16 16:52:50','2023-01-16 16:52:50'),(2,'galery2','Tongkling Pringgowulung Wonomulyo<br/>\nTongkling merupakan musik tradisional ciri khas Dusun Wonomulyo yang sejarah terbentuknya karena terinspirasi dari kisah babat Ki Hajar Wonokoso di Dusun Wonomulyo.','http://localhost/storage/photos/shares/Screenshot 2023-01-16 at 23.47.15.png','-','foto','2023-01-16 16:54:14','2023-01-16 16:54:14');
/*!40000 ALTER TABLE `gallery` ENABLE KEYS */;
UNLOCK TABLES;

--
-- Table structure for table `kelembagaan`
--

DROP TABLE IF EXISTS `kelembagaan`;
/*!40101 SET @saved_cs_client     = @@character_set_client */;
/*!50503 SET character_set_client = utf8mb4 */;
CREATE TABLE `kelembagaan` (
  `id` bigint unsigned NOT NULL AUTO_INCREMENT,
  `nama` varchar(100) COLLATE utf8mb4_unicode_ci NOT NULL,
  `caption` varchar(100) COLLATE utf8mb4_unicode_ci NOT NULL,
  `logo` varchar(255) COLLATE utf8mb4_unicode_ci NOT NULL,
  `created_at` timestamp NULL DEFAULT NULL,
  `updated_at` timestamp NULL DEFAULT NULL,
  PRIMARY KEY (`id`)
) ENGINE=InnoDB AUTO_INCREMENT=10 DEFAULT CHARSET=utf8mb4 COLLATE=utf8mb4_unicode_ci;
/*!40101 SET character_set_client = @saved_cs_client */;

--
-- Dumping data for table `kelembagaan`
--

LOCK TABLES `kelembagaan` WRITE;
/*!40000 ALTER TABLE `kelembagaan` DISABLE KEYS */;
INSERT INTO `kelembagaan` VALUES (1,'BPD','Badan Permusyawaratan Desa','http://localhost/storage/photos/shares/logo (1).png','2023-01-18 16:31:12','2023-01-18 16:31:12'),(2,'LMPD','Lembaga Pemberdayaan Masyarakat Desa','http://localhost/storage/photos/shares/logo (1).png','2023-01-18 16:31:40','2023-01-18 16:31:40'),(3,'PKK','Pemberdayaan Kesejahteraan Keluarga','http://localhost/storage/photos/shares/logo (1).png','2023-01-18 16:31:59','2023-01-18 16:31:59'),(4,'Karang Taruna','Karang Taruna Desa Genilangit','http://localhost/storage/photos/shares/logo (1).png','2023-01-18 16:32:22','2023-01-18 16:32:22'),(5,'RT RW','RT & RW  Desa Genilangit','http://localhost/storage/photos/shares/logo (1).png','2023-01-18 16:32:41','2023-01-18 16:32:41'),(6,'LIMNAS','Perlindungan Masyarakat Desa Genilangit','http://localhost/storage/photos/shares/logo (1).png','2023-01-18 16:33:02','2023-01-18 16:33:02'),(7,'POSYANDU','Pos Pelayanan Terpadu Genilangit','http://localhost/storage/photos/shares/logo (1).png','2023-01-18 16:33:24','2023-01-18 16:33:24'),(8,'BUMDES','BUMDesa Desa Genilangit','http://localhost/storage/photos/shares/logo (1).png','2023-01-18 16:33:50','2023-01-18 16:33:50'),(9,'POKDARWIS','Kelompok Sadar Wisata  Desa Genilangit','http://localhost/storage/photos/shares/logo (1).png','2023-01-18 16:34:13','2023-01-18 16:34:13');
/*!40000 ALTER TABLE `kelembagaan` ENABLE KEYS */;
UNLOCK TABLES;

--
-- Table structure for table `kepengurusan`
--

DROP TABLE IF EXISTS `kepengurusan`;
/*!40101 SET @saved_cs_client     = @@character_set_client */;
/*!50503 SET character_set_client = utf8mb4 */;
CREATE TABLE `kepengurusan` (
  `id` bigint unsigned NOT NULL AUTO_INCREMENT,
  `nama` varchar(100) COLLATE utf8mb4_unicode_ci NOT NULL,
  `images` varchar(255) COLLATE utf8mb4_unicode_ci NOT NULL,
  `no_telp` varchar(15) COLLATE utf8mb4_unicode_ci NOT NULL,
  `nik` varchar(25) COLLATE utf8mb4_unicode_ci NOT NULL,
  `jabatan` varchar(50) COLLATE utf8mb4_unicode_ci NOT NULL,
  `no_sk` varchar(200) COLLATE utf8mb4_unicode_ci NOT NULL,
  `ttl` varchar(200) COLLATE utf8mb4_unicode_ci NOT NULL,
  `gender` varchar(20) COLLATE utf8mb4_unicode_ci NOT NULL,
  `golongan_darah` varchar(3) COLLATE utf8mb4_unicode_ci NOT NULL,
  `agama` varchar(30) COLLATE utf8mb4_unicode_ci NOT NULL,
  `kewarganegaraan` varchar(30) COLLATE utf8mb4_unicode_ci NOT NULL,
  `status` varchar(20) COLLATE utf8mb4_unicode_ci NOT NULL,
  `is_kades` tinyint(1) NOT NULL,
  `created_at` timestamp NULL DEFAULT NULL,
  `updated_at` timestamp NULL DEFAULT NULL,
  PRIMARY KEY (`id`)
) ENGINE=InnoDB AUTO_INCREMENT=4 DEFAULT CHARSET=utf8mb4 COLLATE=utf8mb4_unicode_ci;
/*!40101 SET character_set_client = @saved_cs_client */;

--
-- Dumping data for table `kepengurusan`
--

LOCK TABLES `kepengurusan` WRITE;
/*!40000 ALTER TABLE `kepengurusan` DISABLE KEYS */;
INSERT INTO `kepengurusan` VALUES (1,'H. Pardi','http://localhost/storage/photos/shares/IMAGE.png','6287777570177','3327032711810003','Kepala Desa','141/1277/tahun 2018','Pemalang, 27-11-1981','Laki-Laki','O','Islam','Indonesia','Kawin',1,'2023-01-18 15:44:55','2023-01-18 15:44:55'),(2,'SUTOMO','http://localhost/storage/photos/shares/default-user.png','08571832168','1233312312312','Sekertaris Desa','SK/2022','malang, 08 juli 1987','Laki-Laki','AB','Islam','Indonesia','Kawin',0,'2023-01-18 15:50:12','2023-01-18 15:50:12'),(3,'Umi Indarwati','http://localhost/storage/photos/shares/default-user.png','085712387213','123321818718771','Kaur Umum dan Tata Usaha','SK/2023','malang, 09 November 1990','Wanita','B','Islam','Indonesia','Kawin',0,'2023-01-18 15:51:20','2023-01-18 15:51:20');
/*!40000 ALTER TABLE `kepengurusan` ENABLE KEYS */;
UNLOCK TABLES;

--
-- Table structure for table `migrations`
--

DROP TABLE IF EXISTS `migrations`;
/*!40101 SET @saved_cs_client     = @@character_set_client */;
/*!50503 SET character_set_client = utf8mb4 */;
CREATE TABLE `migrations` (
  `id` int unsigned NOT NULL AUTO_INCREMENT,
  `migration` varchar(255) COLLATE utf8mb4_unicode_ci NOT NULL,
  `batch` int NOT NULL,
  PRIMARY KEY (`id`)
) ENGINE=InnoDB AUTO_INCREMENT=40 DEFAULT CHARSET=utf8mb4 COLLATE=utf8mb4_unicode_ci;
/*!40101 SET character_set_client = @saved_cs_client */;

--
-- Dumping data for table `migrations`
--

LOCK TABLES `migrations` WRITE;
/*!40000 ALTER TABLE `migrations` DISABLE KEYS */;
INSERT INTO `migrations` VALUES (1,'2014_10_12_000000_create_users_table',1),(2,'2014_10_12_100000_create_password_resets_table',1),(3,'2019_08_19_000000_create_failed_jobs_table',1),(4,'2019_12_14_000001_create_personal_access_tokens_table',1),(5,'2020_11_12_000000_create_badaso_users_table',1),(6,'2020_11_12_100000_create_badaso_password_resets_table',1),(7,'2020_11_13_064800_create_data_type',1),(8,'2020_11_18_014827_create_configurations',1),(9,'2020_11_18_014939_create_roles',1),(10,'2020_11_18_014950_create_permissions',1),(11,'2020_11_18_015020_create_menus',1),(12,'2020_11_18_015029_create_menu_items',1),(13,'2020_11_18_015852_create_user_roles',1),(14,'2020_11_18_020028_create_role_permissions',1),(15,'2021_03_05_093223_create_activity_log_table',1),(16,'2021_03_09_064445_create_user_verifications',1),(17,'2021_03_12_073541_create_email_resets',1),(18,'2021_04_26_014032_create_firebase_cloud_messages_table',1),(19,'2021_04_28_004319_create_f_c_m_messages_table',1),(20,'2021_09_29_094036_add_username_to_users_table',1),(21,'2021_10_05_024140_rename_f_c_m_messages_table_to_notifications',1),(22,'2021_10_21_054710_add_is_show_header_and_expand_in_menus_table',1),(23,'2021_11_25_100130_add_is_expand_in_badaso_menu_items_table',1),(24,'2022_03_08_090850_change_order_integer_data_type_in_menus_table',1),(25,'2022_03_18_075818_add_event_column_to_activity_log_table',1),(26,'2022_03_18_075819_add_batch_uuid_column_to_activity_log_table',1),(27,'2022_11_15_081356_add_phone_number_to_badaso_users_table',1),(28,'2023_01_15_123842_create_berita_table_dspr',2),(29,'2023_01_15_123958_alter_berita_table_yglw',3),(30,'2023_01_15_125815_drop_berita_table_skjy',4),(31,'2023_01_15_125922_create_news_table_ohin',5),(32,'2023_01_15_010852_alter_news_table_amjb',6),(33,'2023_01_16_031052_create_content_table_xdcw',7),(34,'2023_01_16_031849_create_destination_table_htum',8),(35,'2023_01_16_032503_create_gallery_table_oimp',9),(36,'2023_01_16_033916_alter_gallery_table_lnuf',10),(37,'2023_01_18_031414_create_kepengurusan_table_axvs',11),(38,'2023_01_18_042316_create_kelembagaan_table_rjkh',12),(39,'2023_01_18_042531_create_demografi_table_yfeu',13);
/*!40000 ALTER TABLE `migrations` ENABLE KEYS */;
UNLOCK TABLES;

--
-- Table structure for table `news`
--

DROP TABLE IF EXISTS `news`;
/*!40101 SET @saved_cs_client     = @@character_set_client */;
/*!50503 SET character_set_client = utf8mb4 */;
CREATE TABLE `news` (
  `id` bigint unsigned NOT NULL AUTO_INCREMENT,
  `title` varchar(255) COLLATE utf8mb4_unicode_ci NOT NULL,
  `images` varchar(255) COLLATE utf8mb4_unicode_ci NOT NULL,
  `caption` text COLLATE utf8mb4_unicode_ci NOT NULL,
  `writer` varchar(100) COLLATE utf8mb4_unicode_ci NOT NULL,
  `created_at` timestamp NULL DEFAULT NULL,
  `updated_at` timestamp NULL DEFAULT NULL,
  PRIMARY KEY (`id`)
) ENGINE=InnoDB AUTO_INCREMENT=5 DEFAULT CHARSET=utf8mb4 COLLATE=utf8mb4_unicode_ci;
/*!40101 SET character_set_client = @saved_cs_client */;

--
-- Dumping data for table `news`
--

LOCK TABLES `news` WRITE;
/*!40000 ALTER TABLE `news` DISABLE KEYS */;
INSERT INTO `news` VALUES (3,'Desa Genilangit Magetan jadi finalis Anugerah Desa Wisata 2021','https://img.antaranews.com/cache/800x533/2021/06/09/Desa-Wissata-Genilangit-1.jpg.webp','Magetan (ANTARA) - Desa Genilangit&nbsp; di Kecamatan Poncol, Kabupaten Magetan, Jawa Timur, berhasil menjadi finalis pada ajang Desa Wisata Awards&nbsp;2021 yang digelar Kementerian Pariwisata dan Ekonomi Kreatif (Kemenparekraf) bersama BCA.','Tatang Herbal','2023-01-15 13:57:03','2023-01-15 13:57:03'),(4,'test','http://localhost/storage/photos/shares/profile2.png','oke oke oke oke oke oke oke oke oke oke oke oke oke oke oke oke oke oke oke oke oke oke oke oke oke oke oke oke oke oke oke oke oke oke oke oke oke oke oke oke oke oke oke oke oke oke oke oke oke oke oke oke oke oke oke oke oke oke oke oke oke oke oke oke oke oke oke oke oke oke oke oke oke oke oke oke oke oke oke oke oke oke oke oke oke oke oke oke oke oke oke oke oke oke oke oke oke oke oke oke oke oke oke oke oke oke oke oke oke oke oke oke oke oke oke oke oke oke oke oke oke oke oke oke oke oke oke oke oke oke oke oke oke oke oke oke oke oke oke oke oke oke oke oke oke oke oke oke oke oke oke oke oke oke oke oke oke oke oke oke oke oke oke oke oke oke oke oke oke oke oke oke oke oke oke oke oke oke oke oke oke oke oke oke oke oke oke oke oke oke oke oke','oke','2023-01-15 14:00:16','2023-01-15 14:00:16');
/*!40000 ALTER TABLE `news` ENABLE KEYS */;
UNLOCK TABLES;

--
-- Table structure for table `password_resets`
--

DROP TABLE IF EXISTS `password_resets`;
/*!40101 SET @saved_cs_client     = @@character_set_client */;
/*!50503 SET character_set_client = utf8mb4 */;
CREATE TABLE `password_resets` (
  `email` varchar(255) COLLATE utf8mb4_unicode_ci NOT NULL,
  `token` varchar(255) COLLATE utf8mb4_unicode_ci NOT NULL,
  `created_at` timestamp NULL DEFAULT NULL,
  KEY `password_resets_email_index` (`email`)
) ENGINE=InnoDB DEFAULT CHARSET=utf8mb4 COLLATE=utf8mb4_unicode_ci;
/*!40101 SET character_set_client = @saved_cs_client */;

--
-- Dumping data for table `password_resets`
--

LOCK TABLES `password_resets` WRITE;
/*!40000 ALTER TABLE `password_resets` DISABLE KEYS */;
/*!40000 ALTER TABLE `password_resets` ENABLE KEYS */;
UNLOCK TABLES;

--
-- Table structure for table `personal_access_tokens`
--

DROP TABLE IF EXISTS `personal_access_tokens`;
/*!40101 SET @saved_cs_client     = @@character_set_client */;
/*!50503 SET character_set_client = utf8mb4 */;
CREATE TABLE `personal_access_tokens` (
  `id` bigint unsigned NOT NULL AUTO_INCREMENT,
  `tokenable_type` varchar(255) COLLATE utf8mb4_unicode_ci NOT NULL,
  `tokenable_id` bigint unsigned NOT NULL,
  `name` varchar(255) COLLATE utf8mb4_unicode_ci NOT NULL,
  `token` varchar(64) COLLATE utf8mb4_unicode_ci NOT NULL,
  `abilities` text COLLATE utf8mb4_unicode_ci,
  `last_used_at` timestamp NULL DEFAULT NULL,
  `created_at` timestamp NULL DEFAULT NULL,
  `updated_at` timestamp NULL DEFAULT NULL,
  PRIMARY KEY (`id`),
  UNIQUE KEY `personal_access_tokens_token_unique` (`token`),
  KEY `personal_access_tokens_tokenable_type_tokenable_id_index` (`tokenable_type`,`tokenable_id`)
) ENGINE=InnoDB DEFAULT CHARSET=utf8mb4 COLLATE=utf8mb4_unicode_ci;
/*!40101 SET character_set_client = @saved_cs_client */;

--
-- Dumping data for table `personal_access_tokens`
--

LOCK TABLES `personal_access_tokens` WRITE;
/*!40000 ALTER TABLE `personal_access_tokens` DISABLE KEYS */;
/*!40000 ALTER TABLE `personal_access_tokens` ENABLE KEYS */;
UNLOCK TABLES;

--
-- Table structure for table `users`
--

DROP TABLE IF EXISTS `users`;
/*!40101 SET @saved_cs_client     = @@character_set_client */;
/*!50503 SET character_set_client = utf8mb4 */;
CREATE TABLE `users` (
  `id` bigint unsigned NOT NULL AUTO_INCREMENT,
  `name` varchar(255) COLLATE utf8mb4_unicode_ci NOT NULL,
  `email` varchar(255) COLLATE utf8mb4_unicode_ci NOT NULL,
  `email_verified_at` timestamp NULL DEFAULT NULL,
  `password` varchar(255) COLLATE utf8mb4_unicode_ci NOT NULL,
  `remember_token` varchar(100) COLLATE utf8mb4_unicode_ci DEFAULT NULL,
  `created_at` timestamp NULL DEFAULT NULL,
  `updated_at` timestamp NULL DEFAULT NULL,
  PRIMARY KEY (`id`),
  UNIQUE KEY `users_email_unique` (`email`)
) ENGINE=InnoDB DEFAULT CHARSET=utf8mb4 COLLATE=utf8mb4_unicode_ci;
/*!40101 SET character_set_client = @saved_cs_client */;

--
-- Dumping data for table `users`
--

LOCK TABLES `users` WRITE;
/*!40000 ALTER TABLE `users` DISABLE KEYS */;
/*!40000 ALTER TABLE `users` ENABLE KEYS */;
UNLOCK TABLES;
/*!40103 SET TIME_ZONE=@OLD_TIME_ZONE */;

/*!40101 SET SQL_MODE=@OLD_SQL_MODE */;
/*!40014 SET FOREIGN_KEY_CHECKS=@OLD_FOREIGN_KEY_CHECKS */;
/*!40014 SET UNIQUE_CHECKS=@OLD_UNIQUE_CHECKS */;
/*!40101 SET CHARACTER_SET_CLIENT=@OLD_CHARACTER_SET_CLIENT */;
/*!40101 SET CHARACTER_SET_RESULTS=@OLD_CHARACTER_SET_RESULTS */;
/*!40101 SET COLLATION_CONNECTION=@OLD_COLLATION_CONNECTION */;
/*!40111 SET SQL_NOTES=@OLD_SQL_NOTES */;

-- Dump completed on 2023-01-18 17:05:16
